[srun-env] host=holygpu8a03102.rc.fas.harvard.edu procid=0 localid=0 ntasks=128 nnodes=32
[srun-env] host=holygpu8a03102.rc.fas.harvard.edu procid=1 localid=1 ntasks=128 nnodes=32
[srun-env] host=holygpu8a03303.rc.fas.harvard.edu procid=27 localid=3 ntasks=128 nnodes=32
[srun-env] host=holygpu8a03102.rc.fas.harvard.edu procid=2 localid=2 ntasks=128 nnodes=32
[srun-env] host=holygpu8a03303.rc.fas.harvard.edu procid=24 localid=0 ntasks=128 nnodes=32
[srun-env] host=holygpu8a03102.rc.fas.harvard.edu procid=3 localid=3 ntasks=128 nnodes=32
[srun-env] host=holygpu8a03303.rc.fas.harvard.edu procid=25 localid=1 ntasks=128 nnodes=32
[srun-env] host=holygpu8a03303.rc.fas.harvard.edu procid=26 localid=2 ntasks=128 nnodes=32
[srun-env] host=holygpu8a05202.rc.fas.harvard.edu procid=45 localid=1 ntasks=128 nnodes=32
[srun-env] host=holygpu8a05202.rc.fas.harvard.edu procid=44 localid=0 ntasks=128 nnodes=32
[srun-env] host=holygpu8a05202.rc.fas.harvard.edu procid=46 localid=2 ntasks=128 nnodes=32
[srun-env] host=holygpu8a05202.rc.fas.harvard.edu procid=47 localid=3 ntasks=128 nnodes=32
[srun-env] host=holygpu8a03204.rc.fas.harvard.edu procid=22 localid=2 ntasks=128 nnodes=32
[srun-env] host=holygpu8a03204.rc.fas.harvard.edu procid=21 localid=1 ntasks=128 nnodes=32
[srun-env] host=holygpu8a03204.rc.fas.harvard.edu procid=23 localid=3 ntasks=128 nnodes=32
[srun-env] host=holygpu8a03204.rc.fas.harvard.edu procid=20 localid=0 ntasks=128 nnodes=32
[srun-env] host=holygpu8a09201.rc.fas.harvard.edu procid=125 localid=1 ntasks=128 nnodes=32
[srun-env] host=holygpu8a09201.rc.fas.harvard.edu procid=126 localid=2 ntasks=128 nnodes=32
[srun-env] host=holygpu8a09201.rc.fas.harvard.edu procid=127 localid=3 ntasks=128 nnodes=32
[srun-env] host=holygpu8a09201.rc.fas.harvard.edu procid=124 localid=0 ntasks=128 nnodes=32
[srun-env] host=holygpu8a03203.rc.fas.harvard.edu procid=18 localid=2 ntasks=128 nnodes=32
[srun-env] host=holygpu8a03203.rc.fas.harvard.edu procid=19 localid=3 ntasks=128 nnodes=32
[srun-env] host=holygpu8a03203.rc.fas.harvard.edu procid=17 localid=1 ntasks=128 nnodes=32
[srun-env] host=holygpu8a03203.rc.fas.harvard.edu procid=16 localid=0 ntasks=128 nnodes=32
[srun-env] host=holygpu8a03604.rc.fas.harvard.edu procid=40 localid=0 ntasks=128 nnodes=32
[srun-env] host=holygpu8a03604.rc.fas.harvard.edu procid=43 localid=3 ntasks=128 nnodes=32
[srun-env] host=holygpu8a03604.rc.fas.harvard.edu procid=41 localid=1 ntasks=128 nnodes=32
[srun-env] host=holygpu8a03604.rc.fas.harvard.edu procid=42 localid=2 ntasks=128 nnodes=32
[srun-env] host=holygpu8a05602.rc.fas.harvard.edu procid=101 localid=1 ntasks=128 nnodes=32
[srun-env] host=holygpu8a05602.rc.fas.harvard.edu procid=102 localid=2 ntasks=128 nnodes=32
[srun-env] host=holygpu8a05602.rc.fas.harvard.edu procid=103 localid=3 ntasks=128 nnodes=32
[srun-env] host=holygpu8a05302.rc.fas.harvard.edu procid=61 localid=1 ntasks=128 nnodes=32
[srun-env] host=holygpu8a05302.rc.fas.harvard.edu procid=60 localid=0 ntasks=128 nnodes=32
[srun-env] host=holygpu8a05302.rc.fas.harvard.edu procid=63 localid=3 ntasks=128 nnodes=32
[srun-env] host=holygpu8a05602.rc.fas.harvard.edu procid=100 localid=0 ntasks=128 nnodes=32
[srun-env] host=holygpu8a05302.rc.fas.harvard.edu procid=62 localid=2 ntasks=128 nnodes=32
[srun-env] host=holygpu8a05604.rc.fas.harvard.edu procid=111 localid=3 ntasks=128 nnodes=32
[srun-env] host=holygpu8a05604.rc.fas.harvard.edu procid=109 localid=1 ntasks=128 nnodes=32
[srun-env] host=holygpu8a05604.rc.fas.harvard.edu procid=108 localid=0 ntasks=128 nnodes=32
[srun-env] host=holygpu8a05604.rc.fas.harvard.edu procid=110 localid=2 ntasks=128 nnodes=32
[srun-env] host=holygpu8a05203.rc.fas.harvard.edu procid=49 localid=1 ntasks=128 nnodes=32
[srun-env] host=holygpu8a05203.rc.fas.harvard.edu procid=50 localid=2 ntasks=128 nnodes=32
[srun-env] host=holygpu8a05203.rc.fas.harvard.edu procid=48 localid=0 ntasks=128 nnodes=32
[srun-env] host=holygpu8a05203.rc.fas.harvard.edu procid=51 localid=3 ntasks=128 nnodes=32
[srun-env] host=holygpu8a05402.rc.fas.harvard.edu procid=74 localid=2 ntasks=128 nnodes=32
[srun-env] host=holygpu8a05402.rc.fas.harvard.edu procid=75 localid=3 ntasks=128 nnodes=32
[srun-env] host=holygpu8a05402.rc.fas.harvard.edu procid=72 localid=0 ntasks=128 nnodes=32
[srun-env] host=holygpu8a05402.rc.fas.harvard.edu procid=73 localid=1 ntasks=128 nnodes=32
[srun-env] host=holygpu8a05303.rc.fas.harvard.edu procid=64 localid=0 ntasks=128 nnodes=32
[srun-env] host=holygpu8a03201.rc.fas.harvard.edu procid=8 localid=0 ntasks=128 nnodes=32
[srun-env] host=holygpu8a05303.rc.fas.harvard.edu procid=67 localid=3 ntasks=128 nnodes=32
[srun-env] host=holygpu8a03201.rc.fas.harvard.edu procid=9 localid=1 ntasks=128 nnodes=32
[srun-env] host=holygpu8a05303.rc.fas.harvard.edu procid=65 localid=1 ntasks=128 nnodes=32
[srun-env] host=holygpu8a03201.rc.fas.harvard.edu procid=10 localid=2 ntasks=128 nnodes=32
[srun-env] host=holygpu8a05303.rc.fas.harvard.edu procid=66 localid=2 ntasks=128 nnodes=32
[srun-env] host=holygpu8a05601.rc.fas.harvard.edu procid=99 localid=3 ntasks=128 nnodes=32
[srun-env] host=holygpu8a05601.rc.fas.harvard.edu procid=96 localid=0 ntasks=128 nnodes=32
[srun-env] host=holygpu8a03201.rc.fas.harvard.edu procid=11 localid=3 ntasks=128 nnodes=32
[srun-env] host=holygpu8a05601.rc.fas.harvard.edu procid=98 localid=2 ntasks=128 nnodes=32
[srun-env] host=holygpu8a05601.rc.fas.harvard.edu procid=97 localid=1 ntasks=128 nnodes=32
[srun-env] host=holygpu8a05503.rc.fas.harvard.edu procid=91 localid=3 ntasks=128 nnodes=32
[srun-env] host=holygpu8a05503.rc.fas.harvard.edu procid=88 localid=0 ntasks=128 nnodes=32
[srun-env] host=holygpu8a05503.rc.fas.harvard.edu procid=89 localid=1 ntasks=128 nnodes=32
[srun-env] host=holygpu8a03304.rc.fas.harvard.edu procid=29 localid=1 ntasks=128 nnodes=32
[srun-env] host=holygpu8a05503.rc.fas.harvard.edu procid=90 localid=2 ntasks=128 nnodes=32
[srun-env] host=holygpu8a03304.rc.fas.harvard.edu procid=28 localid=0 ntasks=128 nnodes=32
[srun-env] host=holygpu8a03304.rc.fas.harvard.edu procid=30 localid=2 ntasks=128 nnodes=32
[srun-env] host=holygpu8a03304.rc.fas.harvard.edu procid=31 localid=3 ntasks=128 nnodes=32
[srun-env] host=holygpu8a03601.rc.fas.harvard.edu procid=37 localid=1 ntasks=128 nnodes=32
[srun-env] host=holygpu8a03601.rc.fas.harvard.edu procid=36 localid=0 ntasks=128 nnodes=32
[srun-env] host=holygpu8a03601.rc.fas.harvard.edu procid=38 localid=2 ntasks=128 nnodes=32
[srun-env] host=holygpu8a03601.rc.fas.harvard.edu procid=39 localid=3 ntasks=128 nnodes=32
[srun-env] host=holygpu8a05603.rc.fas.harvard.edu procid=107 localid=3 ntasks=128 nnodes=32
[srun-env] host=holygpu8a05603.rc.fas.harvard.edu procid=104 localid=0 ntasks=128 nnodes=32
[srun-env] host=holygpu8a05603.rc.fas.harvard.edu procid=106 localid=2 ntasks=128 nnodes=32
[srun-env] host=holygpu8a05603.rc.fas.harvard.edu procid=105 localid=1 ntasks=128 nnodes=32
[srun-env] host=holygpu8a09102.rc.fas.harvard.edu procid=113 localid=1 ntasks=128 nnodes=32
[srun-env] host=holygpu8a09102.rc.fas.harvard.edu procid=112 localid=0 ntasks=128 nnodes=32
[srun-env] host=holygpu8a09102.rc.fas.harvard.edu procid=114 localid=2 ntasks=128 nnodes=32
[srun-env] host=holygpu8a05301.rc.fas.harvard.edu procid=56 localid=0 ntasks=128 nnodes=32
[srun-env] host=holygpu8a09102.rc.fas.harvard.edu procid=115 localid=3 ntasks=128 nnodes=32
[srun-env] host=holygpu8a05301.rc.fas.harvard.edu procid=57 localid=1 ntasks=128 nnodes=32
[srun-env] host=holygpu8a05301.rc.fas.harvard.edu procid=59 localid=3 ntasks=128 nnodes=32
[srun-env] host=holygpu8a05501.rc.fas.harvard.edu procid=81 localid=1 ntasks=128 nnodes=32
[srun-env] host=holygpu8a05501.rc.fas.harvard.edu procid=83 localid=3 ntasks=128 nnodes=32
[srun-env] host=holygpu8a05501.rc.fas.harvard.edu procid=82 localid=2 ntasks=128 nnodes=32
[srun-env] host=holygpu8a09104.rc.fas.harvard.edu procid=120 localid=0 ntasks=128 nnodes=32
[srun-env] host=holygpu8a05501.rc.fas.harvard.edu procid=80 localid=0 ntasks=128 nnodes=32
[srun-env] host=holygpu8a09104.rc.fas.harvard.edu procid=122 localid=2 ntasks=128 nnodes=32
[srun-env] host=holygpu8a09104.rc.fas.harvard.edu procid=121 localid=1 ntasks=128 nnodes=32
[srun-env] host=holygpu8a05301.rc.fas.harvard.edu procid=58 localid=2 ntasks=128 nnodes=32
[srun-env] host=holygpu8a09104.rc.fas.harvard.edu procid=123 localid=3 ntasks=128 nnodes=32
[srun-env] host=holygpu8a05502.rc.fas.harvard.edu procid=86 localid=2 ntasks=128 nnodes=32
[srun-env] host=holygpu8a05502.rc.fas.harvard.edu procid=84 localid=0 ntasks=128 nnodes=32
[srun-env] host=holygpu8a05502.rc.fas.harvard.edu procid=85 localid=1 ntasks=128 nnodes=32
[srun-env] host=holygpu8a05502.rc.fas.harvard.edu procid=87 localid=3 ntasks=128 nnodes=32
[srun-env] host=holygpu8a05401.rc.fas.harvard.edu procid=68 localid=0 ntasks=128 nnodes=32
[srun-env] host=holygpu8a03103.rc.fas.harvard.edu procid=4 localid=0 ntasks=128 nnodes=32
[srun-env] host=holygpu8a05401.rc.fas.harvard.edu procid=69 localid=1 ntasks=128 nnodes=32
[srun-env] host=holygpu8a03103.rc.fas.harvard.edu procid=5 localid=1 ntasks=128 nnodes=32
[srun-env] host=holygpu8a03103.rc.fas.harvard.edu procid=6 localid=2 ntasks=128 nnodes=32
[srun-env] host=holygpu8a03103.rc.fas.harvard.edu procid=7 localid=3 ntasks=128 nnodes=32
[srun-env] host=holygpu8a05401.rc.fas.harvard.edu procid=71 localid=3 ntasks=128 nnodes=32
[srun-env] host=holygpu8a05504.rc.fas.harvard.edu procid=92 localid=0 ntasks=128 nnodes=32
[srun-env] host=holygpu8a05504.rc.fas.harvard.edu procid=95 localid=3 ntasks=128 nnodes=32
[srun-env] host=holygpu8a05504.rc.fas.harvard.edu procid=93 localid=1 ntasks=128 nnodes=32
[srun-env] host=holygpu8a05401.rc.fas.harvard.edu procid=70 localid=2 ntasks=128 nnodes=32
[srun-env] host=holygpu8a05504.rc.fas.harvard.edu procid=94 localid=2 ntasks=128 nnodes=32
[srun-env] host=holygpu8a03501.rc.fas.harvard.edu procid=33 localid=1 ntasks=128 nnodes=32
[srun-env] host=holygpu8a03501.rc.fas.harvard.edu procid=35 localid=3 ntasks=128 nnodes=32
[srun-env] host=holygpu8a03501.rc.fas.harvard.edu procid=32 localid=0 ntasks=128 nnodes=32
[srun-env] host=holygpu8a03501.rc.fas.harvard.edu procid=34 localid=2 ntasks=128 nnodes=32
[srun-env] host=holygpu8a05404.rc.fas.harvard.edu procid=76 localid=0 ntasks=128 nnodes=32
[srun-env] host=holygpu8a05404.rc.fas.harvard.edu procid=77 localid=1 ntasks=128 nnodes=32
[srun-env] host=holygpu8a05404.rc.fas.harvard.edu procid=79 localid=3 ntasks=128 nnodes=32
[srun-env] host=holygpu8a03202.rc.fas.harvard.edu procid=14 localid=2 ntasks=128 nnodes=32
[srun-env] host=holygpu8a03202.rc.fas.harvard.edu procid=15 localid=3 ntasks=128 nnodes=32
[srun-env] host=holygpu8a03202.rc.fas.harvard.edu procid=12 localid=0 ntasks=128 nnodes=32
[srun-env] host=holygpu8a03202.rc.fas.harvard.edu procid=13 localid=1 ntasks=128 nnodes=32
[srun-env] host=holygpu8a05404.rc.fas.harvard.edu procid=78 localid=2 ntasks=128 nnodes=32
[srun-env] host=holygpu8a09103.rc.fas.harvard.edu procid=116 localid=0 ntasks=128 nnodes=32
[srun-env] host=holygpu8a09103.rc.fas.harvard.edu procid=117 localid=1 ntasks=128 nnodes=32
[srun-env] host=holygpu8a09103.rc.fas.harvard.edu procid=118 localid=2 ntasks=128 nnodes=32
[srun-env] host=holygpu8a09103.rc.fas.harvard.edu procid=119 localid=3 ntasks=128 nnodes=32
[srun-env] host=holygpu8a05204.rc.fas.harvard.edu procid=52 localid=0 ntasks=128 nnodes=32
[srun-env] host=holygpu8a05204.rc.fas.harvard.edu procid=54 localid=2 ntasks=128 nnodes=32
[srun-env] host=holygpu8a05204.rc.fas.harvard.edu procid=53 localid=1 ntasks=128 nnodes=32
[srun-env] host=holygpu8a05204.rc.fas.harvard.edu procid=55 localid=3 ntasks=128 nnodes=32
[W630 16:48:43.148929627 socket.cpp:764] [c10d] The client socket cannot be initialized to connect to [holygpu8a03102]:28000 (errno: 97 - Address family not supported by protocol).
[W630 16:48:43.178443472 socket.cpp:764] [c10d] The client socket cannot be initialized to connect to [holygpu8a03102]:28000 (errno: 97 - Address family not supported by protocol).
[W630 16:48:43.179720537 socket.cpp:764] [c10d] The client socket cannot be initialized to connect to [holygpu8a03102]:28000 (errno: 97 - Address family not supported by protocol).
[W630 16:48:43.180883423 socket.cpp:764] [c10d] The client socket cannot be initialized to connect to [holygpu8a03102]:28000 (errno: 97 - Address family not supported by protocol).
[W630 16:48:44.303268008 socket.cpp:764] [c10d] The client socket cannot be initialized to connect to [holygpu8a03102]:28000 (errno: 97 - Address family not supported by protocol).
[W630 16:48:44.633271684 socket.cpp:764] [c10d] The client socket cannot be initialized to connect to [holygpu8a03102]:28000 (errno: 97 - Address family not supported by protocol).
[W630 16:48:44.334974229 socket.cpp:764] [c10d] The client socket cannot be initialized to connect to [holygpu8a03102]:28000 (errno: 97 - Address family not supported by protocol).
[W630 16:48:44.340545442 socket.cpp:764] [c10d] The client socket cannot be initialized to connect to [holygpu8a03102]:28000 (errno: 97 - Address family not supported by protocol).
[W630 16:48:44.341902691 socket.cpp:764] [c10d] The client socket cannot be initialized to connect to [holygpu8a03102]:28000 (errno: 97 - Address family not supported by protocol).
[W630 16:48:44.663442233 socket.cpp:764] [c10d] The client socket cannot be initialized to connect to [holygpu8a03102]:28000 (errno: 97 - Address family not supported by protocol).
[W630 16:48:44.671209061 socket.cpp:764] [c10d] The client socket cannot be initialized to connect to [holygpu8a03102]:28000 (errno: 97 - Address family not supported by protocol).
[W630 16:48:44.672533673 socket.cpp:764] [c10d] The client socket cannot be initialized to connect to [holygpu8a03102]:28000 (errno: 97 - Address family not supported by protocol).
[W630 16:48:44.635382687 socket.cpp:764] [c10d] The client socket cannot be initialized to connect to [holygpu8a03102]:28000 (errno: 97 - Address family not supported by protocol).
[W630 16:48:44.671965610 socket.cpp:764] [c10d] The client socket cannot be initialized to connect to [holygpu8a03102]:28000 (errno: 97 - Address family not supported by protocol).
[W630 16:48:44.675917565 socket.cpp:764] [c10d] The client socket cannot be initialized to connect to [holygpu8a03102]:28000 (errno: 97 - Address family not supported by protocol).
[W630 16:48:44.679974029 socket.cpp:764] [c10d] The client socket cannot be initialized to connect to [holygpu8a03102]:28000 (errno: 97 - Address family not supported by protocol).
[W630 16:48:44.997742692 socket.cpp:764] [c10d] The client socket cannot be initialized to connect to [holygpu8a03102]:28000 (errno: 97 - Address family not supported by protocol).
[W630 16:48:44.031973869 socket.cpp:764] [c10d] The client socket cannot be initialized to connect to [holygpu8a03102]:28000 (errno: 97 - Address family not supported by protocol).
[W630 16:48:44.035392477 socket.cpp:764] [c10d] The client socket cannot be initialized to connect to [holygpu8a03102]:28000 (errno: 97 - Address family not supported by protocol).
[W630 16:48:44.040725546 socket.cpp:764] [c10d] The client socket cannot be initialized to connect to [holygpu8a03102]:28000 (errno: 97 - Address family not supported by protocol).
[W630 16:48:44.403537495 socket.cpp:764] [c10d] The client socket cannot be initialized to connect to [holygpu8a03102]:28000 (errno: 97 - Address family not supported by protocol).
[W630 16:48:44.430430432 socket.cpp:764] [c10d] The client socket cannot be initialized to connect to [holygpu8a03102]:28000 (errno: 97 - Address family not supported by protocol).
[W630 16:48:44.439491450 socket.cpp:764] [c10d] The client socket cannot be initialized to connect to [holygpu8a03102]:28000 (errno: 97 - Address family not supported by protocol).
[W630 16:48:44.444884363 socket.cpp:764] [c10d] The client socket cannot be initialized to connect to [holygpu8a03102]:28000 (errno: 97 - Address family not supported by protocol).
[W630 16:48:44.234625654 socket.cpp:764] [c10d] The client socket cannot be initialized to connect to [holygpu8a03102]:28000 (errno: 97 - Address family not supported by protocol).
[W630 16:48:44.268282829 socket.cpp:764] [c10d] The client socket cannot be initialized to connect to [holygpu8a03102]:28000 (errno: 97 - Address family not supported by protocol).
[W630 16:48:44.271699040 socket.cpp:764] [c10d] The client socket cannot be initialized to connect to [holygpu8a03102]:28000 (errno: 97 - Address family not supported by protocol).
[W630 16:48:44.277659183 socket.cpp:764] [c10d] The client socket cannot be initialized to connect to [holygpu8a03102]:28000 (errno: 97 - Address family not supported by protocol).
[W630 16:48:44.973083565 socket.cpp:764] [c10d] The client socket cannot be initialized to connect to [holygpu8a03102]:28000 (errno: 97 - Address family not supported by protocol).
[W630 16:48:44.997621301 socket.cpp:764] [c10d] The client socket cannot be initialized to connect to [holygpu8a03102]:28000 (errno: 97 - Address family not supported by protocol).
[W630 16:48:44.003604671 socket.cpp:764] [c10d] The client socket cannot be initialized to connect to [holygpu8a03102]:28000 (errno: 97 - Address family not supported by protocol).
[W630 16:48:44.004546201 socket.cpp:764] [c10d] The client socket cannot be initialized to connect to [holygpu8a03102]:28000 (errno: 97 - Address family not supported by protocol).
[W630 16:48:45.727404424 socket.cpp:764] [c10d] The client socket cannot be initialized to connect to [holygpu8a03102]:28000 (errno: 97 - Address family not supported by protocol).
[W630 16:48:45.761791690 socket.cpp:764] [c10d] The client socket cannot be initialized to connect to [holygpu8a03102]:28000 (errno: 97 - Address family not supported by protocol).
[W630 16:48:45.764186260 socket.cpp:764] [c10d] The client socket cannot be initialized to connect to [holygpu8a03102]:28000 (errno: 97 - Address family not supported by protocol).
[W630 16:48:45.769787328 socket.cpp:764] [c10d] The client socket cannot be initialized to connect to [holygpu8a03102]:28000 (errno: 97 - Address family not supported by protocol).
[W630 16:48:45.620925526 socket.cpp:764] [c10d] The client socket cannot be initialized to connect to [holygpu8a03102]:28000 (errno: 97 - Address family not supported by protocol).
[W630 16:48:45.579456490 socket.cpp:764] [c10d] The client socket cannot be initialized to connect to [holygpu8a03102]:28000 (errno: 97 - Address family not supported by protocol).
[W630 16:48:45.660761185 socket.cpp:764] [c10d] The client socket cannot be initialized to connect to [holygpu8a03102]:28000 (errno: 97 - Address family not supported by protocol).
[W630 16:48:45.617510342 socket.cpp:764] [c10d] The client socket cannot be initialized to connect to [holygpu8a03102]:28000 (errno: 97 - Address family not supported by protocol).
[W630 16:48:45.663376665 socket.cpp:764] [c10d] The client socket cannot be initialized to connect to [holygpu8a03102]:28000 (errno: 97 - Address family not supported by protocol).
[W630 16:48:45.666730821 socket.cpp:764] [c10d] The client socket cannot be initialized to connect to [holygpu8a03102]:28000 (errno: 97 - Address family not supported by protocol).
[W630 16:48:45.629025229 socket.cpp:764] [c10d] The client socket cannot be initialized to connect to [holygpu8a03102]:28000 (errno: 97 - Address family not supported by protocol).
[W630 16:48:45.630143363 socket.cpp:764] [c10d] The client socket cannot be initialized to connect to [holygpu8a03102]:28000 (errno: 97 - Address family not supported by protocol).
[W630 16:48:45.128706244 socket.cpp:764] [c10d] The client socket cannot be initialized to connect to [holygpu8a03102]:28000 (errno: 97 - Address family not supported by protocol).
[W630 16:48:45.144450149 socket.cpp:764] [c10d] The client socket cannot be initialized to connect to [holygpu8a03102]:28000 (errno: 97 - Address family not supported by protocol).
[W630 16:48:45.153965905 socket.cpp:764] [c10d] The client socket cannot be initialized to connect to [holygpu8a03102]:28000 (errno: 97 - Address family not supported by protocol).
[W630 16:48:45.155332441 socket.cpp:764] [c10d] The client socket cannot be initialized to connect to [holygpu8a03102]:28000 (errno: 97 - Address family not supported by protocol).
[W630 16:48:45.634377422 socket.cpp:764] [c10d] The client socket cannot be initialized to connect to [holygpu8a03102]:28000 (errno: 97 - Address family not supported by protocol).
[W630 16:48:45.673847475 socket.cpp:764] [c10d] The client socket cannot be initialized to connect to [holygpu8a03102]:28000 (errno: 97 - Address family not supported by protocol).
[W630 16:48:45.675239882 socket.cpp:764] [c10d] The client socket cannot be initialized to connect to [holygpu8a03102]:28000 (errno: 97 - Address family not supported by protocol).
[W630 16:48:45.677984426 socket.cpp:764] [c10d] The client socket cannot be initialized to connect to [holygpu8a03102]:28000 (errno: 97 - Address family not supported by protocol).
[W630 16:48:45.315622401 socket.cpp:764] [c10d] The client socket cannot be initialized to connect to [holygpu8a03102]:28000 (errno: 97 - Address family not supported by protocol).
[W630 16:48:45.358036174 socket.cpp:764] [c10d] The client socket cannot be initialized to connect to [holygpu8a03102]:28000 (errno: 97 - Address family not supported by protocol).
[W630 16:48:45.363684417 socket.cpp:764] [c10d] The client socket cannot be initialized to connect to [holygpu8a03102]:28000 (errno: 97 - Address family not supported by protocol).
[W630 16:48:45.365492302 socket.cpp:764] [c10d] The client socket cannot be initialized to connect to [holygpu8a03102]:28000 (errno: 97 - Address family not supported by protocol).
[W630 16:48:45.603011705 socket.cpp:764] [c10d] The client socket cannot be initialized to connect to [holygpu8a03102]:28000 (errno: 97 - Address family not supported by protocol).
[W630 16:48:45.631638926 socket.cpp:764] [c10d] The client socket cannot be initialized to connect to [holygpu8a03102]:28000 (errno: 97 - Address family not supported by protocol).
[W630 16:48:45.646054825 socket.cpp:764] [c10d] The client socket cannot be initialized to connect to [holygpu8a03102]:28000 (errno: 97 - Address family not supported by protocol).
[W630 16:48:45.647540840 socket.cpp:764] [c10d] The client socket cannot be initialized to connect to [holygpu8a03102]:28000 (errno: 97 - Address family not supported by protocol).
[W630 16:48:46.331671078 socket.cpp:764] [c10d] The client socket cannot be initialized to connect to [holygpu8a03102]:28000 (errno: 97 - Address family not supported by protocol).
[W630 16:48:46.356605128 socket.cpp:764] [c10d] The client socket cannot be initialized to connect to [holygpu8a03102]:28000 (errno: 97 - Address family not supported by protocol).
[W630 16:48:46.375271951 socket.cpp:764] [c10d] The client socket cannot be initialized to connect to [holygpu8a03102]:28000 (errno: 97 - Address family not supported by protocol).
[W630 16:48:46.376149133 socket.cpp:764] [c10d] The client socket cannot be initialized to connect to [holygpu8a03102]:28000 (errno: 97 - Address family not supported by protocol).
[W630 16:48:46.213193171 socket.cpp:764] [c10d] The client socket cannot be initialized to connect to [holygpu8a03102]:28000 (errno: 97 - Address family not supported by protocol).
[W630 16:48:46.248709925 socket.cpp:764] [c10d] The client socket cannot be initialized to connect to [holygpu8a03102]:28000 (errno: 97 - Address family not supported by protocol).
[W630 16:48:46.256241487 socket.cpp:764] [c10d] The client socket cannot be initialized to connect to [holygpu8a03102]:28000 (errno: 97 - Address family not supported by protocol).
[W630 16:48:46.257491879 socket.cpp:764] [c10d] The client socket cannot be initialized to connect to [holygpu8a03102]:28000 (errno: 97 - Address family not supported by protocol).
[W630 16:48:46.901350895 socket.cpp:764] [c10d] The client socket cannot be initialized to connect to [holygpu8a03102]:28000 (errno: 97 - Address family not supported by protocol).
[W630 16:48:46.751880196 socket.cpp:764] [c10d] The client socket cannot be initialized to connect to [holygpu8a03102]:28000 (errno: 97 - Address family not supported by protocol).
[W630 16:48:46.511110107 socket.cpp:764] [c10d] The client socket cannot be initialized to connect to [holygpu8a03102]:28000 (errno: 97 - Address family not supported by protocol).
[W630 16:48:46.932636076 socket.cpp:764] [c10d] The client socket cannot be initialized to connect to [holygpu8a03102]:28000 (errno: 97 - Address family not supported by protocol).
[W630 16:48:46.941035282 socket.cpp:764] [c10d] The client socket cannot be initialized to connect to [holygpu8a03102]:28000 (errno: 97 - Address family not supported by protocol).
[W630 16:48:46.946155783 socket.cpp:764] [c10d] The client socket cannot be initialized to connect to [holygpu8a03102]:28000 (errno: 97 - Address family not supported by protocol).
[W630 16:48:46.791958200 socket.cpp:764] [c10d] The client socket cannot be initialized to connect to [holygpu8a03102]:28000 (errno: 97 - Address family not supported by protocol).
[W630 16:48:46.546024693 socket.cpp:764] [c10d] The client socket cannot be initialized to connect to [holygpu8a03102]:28000 (errno: 97 - Address family not supported by protocol).
[W630 16:48:46.799727205 socket.cpp:764] [c10d] The client socket cannot be initialized to connect to [holygpu8a03102]:28000 (errno: 97 - Address family not supported by protocol).
[W630 16:48:46.800426632 socket.cpp:764] [c10d] The client socket cannot be initialized to connect to [holygpu8a03102]:28000 (errno: 97 - Address family not supported by protocol).
[W630 16:48:46.551547840 socket.cpp:764] [c10d] The client socket cannot be initialized to connect to [holygpu8a03102]:28000 (errno: 97 - Address family not supported by protocol).
[W630 16:48:46.556106573 socket.cpp:764] [c10d] The client socket cannot be initialized to connect to [holygpu8a03102]:28000 (errno: 97 - Address family not supported by protocol).
[W630 16:48:46.167310512 socket.cpp:764] [c10d] The client socket cannot be initialized to connect to [holygpu8a03102]:28000 (errno: 97 - Address family not supported by protocol).
[W630 16:48:46.189756474 socket.cpp:764] [c10d] The client socket cannot be initialized to connect to [holygpu8a03102]:28000 (errno: 97 - Address family not supported by protocol).
[W630 16:48:46.198951617 socket.cpp:764] [c10d] The client socket cannot be initialized to connect to [holygpu8a03102]:28000 (errno: 97 - Address family not supported by protocol).
[W630 16:48:46.199713059 socket.cpp:764] [c10d] The client socket cannot be initialized to connect to [holygpu8a03102]:28000 (errno: 97 - Address family not supported by protocol).
[W630 16:48:46.440191395 socket.cpp:764] [c10d] The client socket cannot be initialized to connect to [holygpu8a03102]:28000 (errno: 97 - Address family not supported by protocol).
[W630 16:48:46.443653663 socket.cpp:764] [c10d] The client socket cannot be initialized to connect to [holygpu8a03102]:28000 (errno: 97 - Address family not supported by protocol).
[W630 16:48:46.448474031 socket.cpp:764] [c10d] The client socket cannot be initialized to connect to [holygpu8a03102]:28000 (errno: 97 - Address family not supported by protocol).
[W630 16:48:46.455169408 socket.cpp:764] [c10d] The client socket cannot be initialized to connect to [holygpu8a03102]:28000 (errno: 97 - Address family not supported by protocol).
[W630 16:48:46.440344522 socket.cpp:764] [c10d] The client socket cannot be initialized to connect to [holygpu8a03102]:28000 (errno: 97 - Address family not supported by protocol).
[W630 16:48:46.476559161 socket.cpp:764] [c10d] The client socket cannot be initialized to connect to [holygpu8a03102]:28000 (errno: 97 - Address family not supported by protocol).
[W630 16:48:46.465173262 socket.cpp:764] [c10d] The client socket cannot be initialized to connect to [holygpu8a03102]:28000 (errno: 97 - Address family not supported by protocol).
[W630 16:48:46.485244987 socket.cpp:764] [c10d] The client socket cannot be initialized to connect to [holygpu8a03102]:28000 (errno: 97 - Address family not supported by protocol).
[W630 16:48:46.486124099 socket.cpp:764] [c10d] The client socket cannot be initialized to connect to [holygpu8a03102]:28000 (errno: 97 - Address family not supported by protocol).
[W630 16:48:46.487281346 socket.cpp:764] [c10d] The client socket cannot be initialized to connect to [holygpu8a03102]:28000 (errno: 97 - Address family not supported by protocol).
[W630 16:48:46.508820537 socket.cpp:764] [c10d] The client socket cannot be initialized to connect to [holygpu8a03102]:28000 (errno: 97 - Address family not supported by protocol).
[W630 16:48:46.510266699 socket.cpp:764] [c10d] The client socket cannot be initialized to connect to [holygpu8a03102]:28000 (errno: 97 - Address family not supported by protocol).
[W630 16:48:46.134431845 socket.cpp:764] [c10d] The client socket cannot be initialized to connect to [holygpu8a03102]:28000 (errno: 97 - Address family not supported by protocol).
[W630 16:48:47.161656209 socket.cpp:764] [c10d] The client socket cannot be initialized to connect to [holygpu8a03102]:28000 (errno: 97 - Address family not supported by protocol).
[W630 16:48:47.162394530 socket.cpp:764] [c10d] The client socket cannot be initialized to connect to [holygpu8a03102]:28000 (errno: 97 - Address family not supported by protocol).
[W630 16:48:47.168012910 socket.cpp:764] [c10d] The client socket cannot be initialized to connect to [holygpu8a03102]:28000 (errno: 97 - Address family not supported by protocol).
[W630 16:48:47.225276374 socket.cpp:764] [c10d] The client socket cannot be initialized to connect to [holygpu8a03102]:28000 (errno: 97 - Address family not supported by protocol).
[W630 16:48:47.261692265 socket.cpp:764] [c10d] The client socket cannot be initialized to connect to [holygpu8a03102]:28000 (errno: 97 - Address family not supported by protocol).
[W630 16:48:47.270112535 socket.cpp:764] [c10d] The client socket cannot be initialized to connect to [holygpu8a03102]:28000 (errno: 97 - Address family not supported by protocol).
[W630 16:48:47.271177215 socket.cpp:764] [c10d] The client socket cannot be initialized to connect to [holygpu8a03102]:28000 (errno: 97 - Address family not supported by protocol).
[W630 16:48:47.975700736 socket.cpp:764] [c10d] The client socket cannot be initialized to connect to [holygpu8a03102]:28000 (errno: 97 - Address family not supported by protocol).
[W630 16:48:47.016867290 socket.cpp:764] [c10d] The client socket cannot be initialized to connect to [holygpu8a03102]:28000 (errno: 97 - Address family not supported by protocol).
[W630 16:48:47.018624328 socket.cpp:764] [c10d] The client socket cannot be initialized to connect to [holygpu8a03102]:28000 (errno: 97 - Address family not supported by protocol).
[W630 16:48:47.020349626 socket.cpp:764] [c10d] The client socket cannot be initialized to connect to [holygpu8a03102]:28000 (errno: 97 - Address family not supported by protocol).
[W630 16:48:47.415067964 socket.cpp:764] [c10d] The client socket cannot be initialized to connect to [holygpu8a03102]:28000 (errno: 97 - Address family not supported by protocol).
[W630 16:48:47.456917611 socket.cpp:764] [c10d] The client socket cannot be initialized to connect to [holygpu8a03102]:28000 (errno: 97 - Address family not supported by protocol).
[W630 16:48:47.465581461 socket.cpp:764] [c10d] The client socket cannot be initialized to connect to [holygpu8a03102]:28000 (errno: 97 - Address family not supported by protocol).
[W630 16:48:47.466376846 socket.cpp:764] [c10d] The client socket cannot be initialized to connect to [holygpu8a03102]:28000 (errno: 97 - Address family not supported by protocol).
[W630 16:48:48.123260972 socket.cpp:764] [c10d] The client socket cannot be initialized to connect to [holygpu8a03102]:28000 (errno: 97 - Address family not supported by protocol).
[W630 16:48:48.157962841 socket.cpp:764] [c10d] The client socket cannot be initialized to connect to [holygpu8a03102]:28000 (errno: 97 - Address family not supported by protocol).
[W630 16:48:48.162508172 socket.cpp:764] [c10d] The client socket cannot be initialized to connect to [holygpu8a03102]:28000 (errno: 97 - Address family not supported by protocol).
[W630 16:48:48.168069830 socket.cpp:764] [c10d] The client socket cannot be initialized to connect to [holygpu8a03102]:28000 (errno: 97 - Address family not supported by protocol).
[W630 16:48:48.172971394 socket.cpp:764] [c10d] The client socket cannot be initialized to connect to [holygpu8a03102]:28000 (errno: 97 - Address family not supported by protocol).
[W630 16:48:48.192622484 socket.cpp:764] [c10d] The client socket cannot be initialized to connect to [holygpu8a03102]:28000 (errno: 97 - Address family not supported by protocol).
[W630 16:48:48.195895644 socket.cpp:764] [c10d] The client socket cannot be initialized to connect to [holygpu8a03102]:28000 (errno: 97 - Address family not supported by protocol).
[W630 16:48:48.199557679 socket.cpp:764] [c10d] The client socket cannot be initialized to connect to [holygpu8a03102]:28000 (errno: 97 - Address family not supported by protocol).
[W630 16:48:48.561324070 socket.cpp:764] [c10d] The client socket cannot be initialized to connect to [holygpu8a03102]:28000 (errno: 97 - Address family not supported by protocol).
[W630 16:48:48.575747080 socket.cpp:764] [c10d] The client socket cannot be initialized to connect to [holygpu8a03102]:28000 (errno: 97 - Address family not supported by protocol).
[W630 16:48:48.591928763 socket.cpp:764] [c10d] The client socket cannot be initialized to connect to [holygpu8a03102]:28000 (errno: 97 - Address family not supported by protocol).
[W630 16:48:48.595828987 socket.cpp:764] [c10d] The client socket cannot be initialized to connect to [holygpu8a03102]:28000 (errno: 97 - Address family not supported by protocol).
[W630 16:48:48.413543406 socket.cpp:764] [c10d] The client socket cannot be initialized to connect to [holygpu8a03102]:28000 (errno: 97 - Address family not supported by protocol).
[W630 16:48:48.416390107 socket.cpp:764] [c10d] The client socket cannot be initialized to connect to [holygpu8a03102]:28000 (errno: 97 - Address family not supported by protocol).
[W630 16:48:48.420172526 socket.cpp:764] [c10d] The client socket cannot be initialized to connect to [holygpu8a03102]:28000 (errno: 97 - Address family not supported by protocol).
[W630 16:48:48.425644418 socket.cpp:764] [c10d] The client socket cannot be initialized to connect to [holygpu8a03102]:28000 (errno: 97 - Address family not supported by protocol).
[rank 0] INFO     DeviceMesh: dims=['dp_shard', 'tp'], sizes=[32, 4], world_size=128
[rank 0] INFO     SLURM job: id=26394654, name=kf-13b_128gpu_tp4_fsdp32, nodes=32, tasks/node=4, partition=kempner_h200, restart_count=0
[rank 0] INFO     Training config: JobConfig(model=ModelConfig(dim=5120, n_layers=40, n_heads=40, n_kv_heads=8, vocab_size=128256, ffn_dim_multiplier=1.3, ffn_hidden_dim=None, norm_type=<NormType.rmsnorm: 'rmsnorm'>, norm_eps=1e-05, activation=<Activation.silu: 'silu'>, max_seq_len=4096, rope_theta=500000.0, tie_embeddings=False, qk_norm=False, init_std=0.02, model_type='transformer', sdpa_backend='auto', num_experts=0, moe_top_k=2, moe_frequency=1, moe_router='softmax_topk', moe_shared_experts=0, moe_aux_loss_weight=0.01, moe_capacity_factor=0.0, moe_sequence_aux_loss_weight=0.0, moe_gradient_scale=False, moe_bias_schedule='constant', moe_packed_experts=False, moe_expert_ffn_multiplier=1.0, moe_router_z_loss_weight=0.0), train=TrainConfig(batch_size=4, seq_len=4096, max_steps=30, grad_accum_steps=4, grad_clip_norm=1.0, seed=42, data_seed=None, compile_model=True, mixed_precision='bf16', activation_checkpointing=<ActivationCheckpointing.full: 'full'>, loss_fn='cross_entropy', z_loss_weight=0.0, ce_chunk_size=0, shutdown_timeout_sec=600.0, nccl_health_check_interval=0), optimizer=OptimizerConfig(name='adamw', lr=0.0003, weight_decay=0.1, betas=(0.9, 0.95), eps=1e-08, fused=True, muon_momentum=0.95, muon_ns_steps=5, muon_adam_lr=None, schedule_free_warmup_steps=0), scheduler=SchedulerConfig(name=<SchedulerType.cosine: 'cosine'>, warmup_steps=5, decay_steps=None, min_lr_ratio=0.1, stable_steps=None, wsd_decay_type='cosine', rex_alpha=1.0), data=DataConfig(dataset_path='/n/holylfs06/LABS/kempner_shared/Everyone/testbed/text/fineweb-edu/tokenized/meta-llama-3/default', file_pattern='tokenized_*.bin', tokenizer_path='', num_workers=2, pin_memory=True, prefetch_factor=2, hf_dataset_name=None, hf_dataset_config=None, hf_dataset_split='train', hf_dataset_text_field='text', hf_dataset_image_field='image', hf_dataset_prompt_field='', hf_image_size=224, hf_streaming=False, pack_sequences=False, datasets=[], mix_temperature=1.0, phases=[], anneal_start_step=0, anneal_weights={}), eval=EvalConfig(enabled=False, interval=1000, steps=50, dataset_path='', file_pattern='*.npy', hf_dataset_name=None, hf_dataset_config=None, hf_dataset_split='validation'), distributed=DistributedConfig(dp_shard=32, dp_replicate=1, tp=4, pp=1, pp_schedule=<PipelineSchedule.schedule_1f1b: '1f1b'>, cp=1, ep=1, nccl_timeout_sec=1800, backend='cpu:gloo,cuda:nccl'), checkpoint=CheckpointConfig(dir='/n/netscratch/kempner_dev/nkhoshnevis/kempnerforge-scratch/tmp/mfu_ckpt_26394654', interval=99999, dyn_ckpt_window=None, async_mode=<AsyncCheckpointMode.disabled: 'disabled'>, keep_last_n=2, load_path=None, export_dtype='bfloat16', exclude_from_loading=[], ignore_freeze_mismatch=False), metrics=MetricsConfig(log_interval=1, enable_wandb=False, enable_tensorboard=False, wandb_project='kempnerforge', wandb_run_name=None, wandb_run_id='', tensorboard_dir='tb_logs'), profiling=ProfilingConfig(enable=False, start_step=5, end_step=8, trace_dir='profiler_traces'), vision_encoder=None, adapter=None, vlm=None, video=None)
[rank 0] INFO     Shutdown handler registered (SIGTERM, SIGUSR1)
[rank 0] INFO     Applied tensor parallelism: tp_degree=4, layers=40, sequence_parallel=True
[rank 0] INFO     Applied full activation checkpointing (per TransformerBlock)
[rank 0] INFO     Applied FSDP2: dp_mesh=('dp_shard',), blocks=40, mp=MixedPrecisionPolicy(param_dtype=torch.bfloat16, reduce_dtype=torch.float32, output_dtype=None, cast_forward_inputs=True)
[rank 0] INFO     Compiling model with torch.compile...
[rank 0] INFO     Model: 14,840,386,560 parameters
[rank 0] INFO     Optimizer groups: 14,839,971,840 params with decay, 414,720 params without decay
[rank 0] INFO     Detected GPU: NVIDIA H200 → 989.0 bf16 TFLOPS
[rank 0] INFO     MemoryMappedDataset: 465 files, 499,289,948,160 tokens, 121,867,200 samples (seq_len=4097)
[rank 0] INFO     StatefulDataLoader: batch_size=4, workers=2, pin_memory=True
[rank 0] INFO     Dataset: 121,867,200 samples from /n/holylfs06/LABS/kempner_shared/Everyone/testbed/text/fineweb-edu/tokenized/meta-llama-3/default
[rank 0] INFO     Starting training: step=0, max_steps=30, batch_size=4, grad_accum=4, world_size=128
[rank1]:W0630 16:49:25.647000 1248655 torch/distributed/tensor/_redistribute.py:347] While redistributing from (_NormPartial(2.0), _NormPartial(2.0)) to (Replicate(), Replicate()), 2 sequential all_reduce operations will be performed. This is suboptimal: multiple collective operations have higher latency (separate kernel launches and synchronization points) and may give inconsistent results between ranks due to different reduction orders. To optimize, flatten mesh dimensions ["dp_shard", "tp"] so DTensor can use a single operation instead.
[rank61]:W0630 16:49:25.647000 1254942 torch/distributed/tensor/_redistribute.py:347] While redistributing from (_NormPartial(2.0), _NormPartial(2.0)) to (Replicate(), Replicate()), 2 sequential all_reduce operations will be performed. This is suboptimal: multiple collective operations have higher latency (separate kernel launches and synchronization points) and may give inconsistent results between ranks due to different reduction orders. To optimize, flatten mesh dimensions ["dp_shard", "tp"] so DTensor can use a single operation instead.
[rank69]:W0630 16:49:25.647000 96513 torch/distributed/tensor/_redistribute.py:347] While redistributing from (_NormPartial(2.0), _NormPartial(2.0)) to (Replicate(), Replicate()), 2 sequential all_reduce operations will be performed. This is suboptimal: multiple collective operations have higher latency (separate kernel launches and synchronization points) and may give inconsistent results between ranks due to different reduction orders. To optimize, flatten mesh dimensions ["dp_shard", "tp"] so DTensor can use a single operation instead.
[rank9]:W0630 16:49:25.647000 1316676 torch/distributed/tensor/_redistribute.py:347] While redistributing from (_NormPartial(2.0), _NormPartial(2.0)) to (Replicate(), Replicate()), 2 sequential all_reduce operations will be performed. This is suboptimal: multiple collective operations have higher latency (separate kernel launches and synchronization points) and may give inconsistent results between ranks due to different reduction orders. To optimize, flatten mesh dimensions ["dp_shard", "tp"] so DTensor can use a single operation instead.
[rank101]:W0630 16:49:25.647000 1263683 torch/distributed/tensor/_redistribute.py:347] While redistributing from (_NormPartial(2.0), _NormPartial(2.0)) to (Replicate(), Replicate()), 2 sequential all_reduce operations will be performed. This is suboptimal: multiple collective operations have higher latency (separate kernel launches and synchronization points) and may give inconsistent results between ranks due to different reduction orders. To optimize, flatten mesh dimensions ["dp_shard", "tp"] so DTensor can use a single operation instead.
[rank125]:W0630 16:49:25.647000 1243632 torch/distributed/tensor/_redistribute.py:347] While redistributing from (_NormPartial(2.0), _NormPartial(2.0)) to (Replicate(), Replicate()), 2 sequential all_reduce operations will be performed. This is suboptimal: multiple collective operations have higher latency (separate kernel launches and synchronization points) and may give inconsistent results between ranks due to different reduction orders. To optimize, flatten mesh dimensions ["dp_shard", "tp"] so DTensor can use a single operation instead.
[rank5]:W0630 16:49:25.648000 1316200 torch/distributed/tensor/_redistribute.py:347] While redistributing from (_NormPartial(2.0), _NormPartial(2.0)) to (Replicate(), Replicate()), 2 sequential all_reduce operations will be performed. This is suboptimal: multiple collective operations have higher latency (separate kernel launches and synchronization points) and may give inconsistent results between ranks due to different reduction orders. To optimize, flatten mesh dimensions ["dp_shard", "tp"] so DTensor can use a single operation instead.
[rank41]:W0630 16:49:25.648000 1286541 torch/distributed/tensor/_redistribute.py:347] While redistributing from (_NormPartial(2.0), _NormPartial(2.0)) to (Replicate(), Replicate()), 2 sequential all_reduce operations will be performed. This is suboptimal: multiple collective operations have higher latency (separate kernel launches and synchronization points) and may give inconsistent results between ranks due to different reduction orders. To optimize, flatten mesh dimensions ["dp_shard", "tp"] so DTensor can use a single operation instead.
[rank29]:W0630 16:49:25.648000 1242964 torch/distributed/tensor/_redistribute.py:347] While redistributing from (_NormPartial(2.0), _NormPartial(2.0)) to (Replicate(), Replicate()), 2 sequential all_reduce operations will be performed. This is suboptimal: multiple collective operations have higher latency (separate kernel launches and synchronization points) and may give inconsistent results between ranks due to different reduction orders. To optimize, flatten mesh dimensions ["dp_shard", "tp"] so DTensor can use a single operation instead.
[rank109]:W0630 16:49:25.648000 1254592 torch/distributed/tensor/_redistribute.py:347] While redistributing from (_NormPartial(2.0), _NormPartial(2.0)) to (Replicate(), Replicate()), 2 sequential all_reduce operations will be performed. This is suboptimal: multiple collective operations have higher latency (separate kernel launches and synchronization points) and may give inconsistent results between ranks due to different reduction orders. To optimize, flatten mesh dimensions ["dp_shard", "tp"] so DTensor can use a single operation instead.
[rank73]:W0630 16:49:25.648000 1237226 torch/distributed/tensor/_redistribute.py:347] While redistributing from (_NormPartial(2.0), _NormPartial(2.0)) to (Replicate(), Replicate()), 2 sequential all_reduce operations will be performed. This is suboptimal: multiple collective operations have higher latency (separate kernel launches and synchronization points) and may give inconsistent results between ranks due to different reduction orders. To optimize, flatten mesh dimensions ["dp_shard", "tp"] so DTensor can use a single operation instead.
[rank21]:W0630 16:49:25.648000 1249249 torch/distributed/tensor/_redistribute.py:347] While redistributing from (_NormPartial(2.0), _NormPartial(2.0)) to (Replicate(), Replicate()), 2 sequential all_reduce operations will be performed. This is suboptimal: multiple collective operations have higher latency (separate kernel launches and synchronization points) and may give inconsistent results between ranks due to different reduction orders. To optimize, flatten mesh dimensions ["dp_shard", "tp"] so DTensor can use a single operation instead.
[rank13]:W0630 16:49:25.649000 1303403 torch/distributed/tensor/_redistribute.py:347] While redistributing from (_NormPartial(2.0), _NormPartial(2.0)) to (Replicate(), Replicate()), 2 sequential all_reduce operations will be performed. This is suboptimal: multiple collective operations have higher latency (separate kernel launches and synchronization points) and may give inconsistent results between ranks due to different reduction orders. To optimize, flatten mesh dimensions ["dp_shard", "tp"] so DTensor can use a single operation instead.
[rank93]:W0630 16:49:25.649000 1313087 torch/distributed/tensor/_redistribute.py:347] While redistributing from (_NormPartial(2.0), _NormPartial(2.0)) to (Replicate(), Replicate()), 2 sequential all_reduce operations will be performed. This is suboptimal: multiple collective operations have higher latency (separate kernel launches and synchronization points) and may give inconsistent results between ranks due to different reduction orders. To optimize, flatten mesh dimensions ["dp_shard", "tp"] so DTensor can use a single operation instead.
[rank65]:W0630 16:49:25.648000 1245196 torch/distributed/tensor/_redistribute.py:347] While redistributing from (_NormPartial(2.0), _NormPartial(2.0)) to (Replicate(), Replicate()), 2 sequential all_reduce operations will be performed. This is suboptimal: multiple collective operations have higher latency (separate kernel launches and synchronization points) and may give inconsistent results between ranks due to different reduction orders. To optimize, flatten mesh dimensions ["dp_shard", "tp"] so DTensor can use a single operation instead.
[rank45]:W0630 16:49:25.649000 1303769 torch/distributed/tensor/_redistribute.py:347] While redistributing from (_NormPartial(2.0), _NormPartial(2.0)) to (Replicate(), Replicate()), 2 sequential all_reduce operations will be performed. This is suboptimal: multiple collective operations have higher latency (separate kernel launches and synchronization points) and may give inconsistent results between ranks due to different reduction orders. To optimize, flatten mesh dimensions ["dp_shard", "tp"] so DTensor can use a single operation instead.
[rank25]:W0630 16:49:25.649000 1277661 torch/distributed/tensor/_redistribute.py:347] While redistributing from (_NormPartial(2.0), _NormPartial(2.0)) to (Replicate(), Replicate()), 2 sequential all_reduce operations will be performed. This is suboptimal: multiple collective operations have higher latency (separate kernel launches and synchronization points) and may give inconsistent results between ranks due to different reduction orders. To optimize, flatten mesh dimensions ["dp_shard", "tp"] so DTensor can use a single operation instead.
[rank37]:W0630 16:49:25.649000 1327353 torch/distributed/tensor/_redistribute.py:347] While redistributing from (_NormPartial(2.0), _NormPartial(2.0)) to (Replicate(), Replicate()), 2 sequential all_reduce operations will be performed. This is suboptimal: multiple collective operations have higher latency (separate kernel launches and synchronization points) and may give inconsistent results between ranks due to different reduction orders. To optimize, flatten mesh dimensions ["dp_shard", "tp"] so DTensor can use a single operation instead.
[rank53]:W0630 16:49:25.649000 1339349 torch/distributed/tensor/_redistribute.py:347] While redistributing from (_NormPartial(2.0), _NormPartial(2.0)) to (Replicate(), Replicate()), 2 sequential all_reduce operations will be performed. This is suboptimal: multiple collective operations have higher latency (separate kernel launches and synchronization points) and may give inconsistent results between ranks due to different reduction orders. To optimize, flatten mesh dimensions ["dp_shard", "tp"] so DTensor can use a single operation instead.
[rank77]:W0630 16:49:25.649000 1293833 torch/distributed/tensor/_redistribute.py:347] While redistributing from (_NormPartial(2.0), _NormPartial(2.0)) to (Replicate(), Replicate()), 2 sequential all_reduce operations will be performed. This is suboptimal: multiple collective operations have higher latency (separate kernel launches and synchronization points) and may give inconsistent results between ranks due to different reduction orders. To optimize, flatten mesh dimensions ["dp_shard", "tp"] so DTensor can use a single operation instead.
[rank57]:W0630 16:49:25.649000 1350930 torch/distributed/tensor/_redistribute.py:347] While redistributing from (_NormPartial(2.0), _NormPartial(2.0)) to (Replicate(), Replicate()), 2 sequential all_reduce operations will be performed. This is suboptimal: multiple collective operations have higher latency (separate kernel launches and synchronization points) and may give inconsistent results between ranks due to different reduction orders. To optimize, flatten mesh dimensions ["dp_shard", "tp"] so DTensor can use a single operation instead.
[rank81]:W0630 16:49:25.649000 1305940 torch/distributed/tensor/_redistribute.py:347] While redistributing from (_NormPartial(2.0), _NormPartial(2.0)) to (Replicate(), Replicate()), 2 sequential all_reduce operations will be performed. This is suboptimal: multiple collective operations have higher latency (separate kernel launches and synchronization points) and may give inconsistent results between ranks due to different reduction orders. To optimize, flatten mesh dimensions ["dp_shard", "tp"] so DTensor can use a single operation instead.
[rank113]:W0630 16:49:25.649000 1244127 torch/distributed/tensor/_redistribute.py:347] While redistributing from (_NormPartial(2.0), _NormPartial(2.0)) to (Replicate(), Replicate()), 2 sequential all_reduce operations will be performed. This is suboptimal: multiple collective operations have higher latency (separate kernel launches and synchronization points) and may give inconsistent results between ranks due to different reduction orders. To optimize, flatten mesh dimensions ["dp_shard", "tp"] so DTensor can use a single operation instead.
[rank49]:W0630 16:49:25.649000 1290111 torch/distributed/tensor/_redistribute.py:347] While redistributing from (_NormPartial(2.0), _NormPartial(2.0)) to (Replicate(), Replicate()), 2 sequential all_reduce operations will be performed. This is suboptimal: multiple collective operations have higher latency (separate kernel launches and synchronization points) and may give inconsistent results between ranks due to different reduction orders. To optimize, flatten mesh dimensions ["dp_shard", "tp"] so DTensor can use a single operation instead.
[rank105]:W0630 16:49:25.649000 1330645 torch/distributed/tensor/_redistribute.py:347] While redistributing from (_NormPartial(2.0), _NormPartial(2.0)) to (Replicate(), Replicate()), 2 sequential all_reduce operations will be performed. This is suboptimal: multiple collective operations have higher latency (separate kernel launches and synchronization points) and may give inconsistent results between ranks due to different reduction orders. To optimize, flatten mesh dimensions ["dp_shard", "tp"] so DTensor can use a single operation instead.
[rank85]:W0630 16:49:25.649000 1274888 torch/distributed/tensor/_redistribute.py:347] While redistributing from (_NormPartial(2.0), _NormPartial(2.0)) to (Replicate(), Replicate()), 2 sequential all_reduce operations will be performed. This is suboptimal: multiple collective operations have higher latency (separate kernel launches and synchronization points) and may give inconsistent results between ranks due to different reduction orders. To optimize, flatten mesh dimensions ["dp_shard", "tp"] so DTensor can use a single operation instead.
[rank97]:W0630 16:49:25.650000 1308048 torch/distributed/tensor/_redistribute.py:347] While redistributing from (_NormPartial(2.0), _NormPartial(2.0)) to (Replicate(), Replicate()), 2 sequential all_reduce operations will be performed. This is suboptimal: multiple collective operations have higher latency (separate kernel launches and synchronization points) and may give inconsistent results between ranks due to different reduction orders. To optimize, flatten mesh dimensions ["dp_shard", "tp"] so DTensor can use a single operation instead.
[rank17]:W0630 16:49:25.649000 1316965 torch/distributed/tensor/_redistribute.py:347] While redistributing from (_NormPartial(2.0), _NormPartial(2.0)) to (Replicate(), Replicate()), 2 sequential all_reduce operations will be performed. This is suboptimal: multiple collective operations have higher latency (separate kernel launches and synchronization points) and may give inconsistent results between ranks due to different reduction orders. To optimize, flatten mesh dimensions ["dp_shard", "tp"] so DTensor can use a single operation instead.
[rank7]:W0630 16:49:25.650000 1316197 torch/distributed/tensor/_redistribute.py:347] While redistributing from (_NormPartial(2.0), _NormPartial(2.0)) to (Replicate(), Replicate()), 2 sequential all_reduce operations will be performed. This is suboptimal: multiple collective operations have higher latency (separate kernel launches and synchronization points) and may give inconsistent results between ranks due to different reduction orders. To optimize, flatten mesh dimensions ["dp_shard", "tp"] so DTensor can use a single operation instead.
[rank33]:W0630 16:49:25.650000 1315040 torch/distributed/tensor/_redistribute.py:347] While redistributing from (_NormPartial(2.0), _NormPartial(2.0)) to (Replicate(), Replicate()), 2 sequential all_reduce operations will be performed. This is suboptimal: multiple collective operations have higher latency (separate kernel launches and synchronization points) and may give inconsistent results between ranks due to different reduction orders. To optimize, flatten mesh dimensions ["dp_shard", "tp"] so DTensor can use a single operation instead.
[rank89]:W0630 16:49:25.650000 1316245 torch/distributed/tensor/_redistribute.py:347] While redistributing from (_NormPartial(2.0), _NormPartial(2.0)) to (Replicate(), Replicate()), 2 sequential all_reduce operations will be performed. This is suboptimal: multiple collective operations have higher latency (separate kernel launches and synchronization points) and may give inconsistent results between ranks due to different reduction orders. To optimize, flatten mesh dimensions ["dp_shard", "tp"] so DTensor can use a single operation instead.
[rank117]:W0630 16:49:25.650000 1313165 torch/distributed/tensor/_redistribute.py:347] While redistributing from (_NormPartial(2.0), _NormPartial(2.0)) to (Replicate(), Replicate()), 2 sequential all_reduce operations will be performed. This is suboptimal: multiple collective operations have higher latency (separate kernel launches and synchronization points) and may give inconsistent results between ranks due to different reduction orders. To optimize, flatten mesh dimensions ["dp_shard", "tp"] so DTensor can use a single operation instead.
[rank121]:W0630 16:49:25.650000 1302341 torch/distributed/tensor/_redistribute.py:347] While redistributing from (_NormPartial(2.0), _NormPartial(2.0)) to (Replicate(), Replicate()), 2 sequential all_reduce operations will be performed. This is suboptimal: multiple collective operations have higher latency (separate kernel launches and synchronization points) and may give inconsistent results between ranks due to different reduction orders. To optimize, flatten mesh dimensions ["dp_shard", "tp"] so DTensor can use a single operation instead.
[rank15]:W0630 16:49:25.650000 1303406 torch/distributed/tensor/_redistribute.py:347] While redistributing from (_NormPartial(2.0), _NormPartial(2.0)) to (Replicate(), Replicate()), 2 sequential all_reduce operations will be performed. This is suboptimal: multiple collective operations have higher latency (separate kernel launches and synchronization points) and may give inconsistent results between ranks due to different reduction orders. To optimize, flatten mesh dimensions ["dp_shard", "tp"] so DTensor can use a single operation instead.
[rank47]:W0630 16:49:25.651000 1303771 torch/distributed/tensor/_redistribute.py:347] While redistributing from (_NormPartial(2.0), _NormPartial(2.0)) to (Replicate(), Replicate()), 2 sequential all_reduce operations will be performed. This is suboptimal: multiple collective operations have higher latency (separate kernel launches and synchronization points) and may give inconsistent results between ranks due to different reduction orders. To optimize, flatten mesh dimensions ["dp_shard", "tp"] so DTensor can use a single operation instead.
[rank123]:W0630 16:49:25.651000 1302342 torch/distributed/tensor/_redistribute.py:347] While redistributing from (_NormPartial(2.0), _NormPartial(2.0)) to (Replicate(), Replicate()), 2 sequential all_reduce operations will be performed. This is suboptimal: multiple collective operations have higher latency (separate kernel launches and synchronization points) and may give inconsistent results between ranks due to different reduction orders. To optimize, flatten mesh dimensions ["dp_shard", "tp"] so DTensor can use a single operation instead.
[rank19]:W0630 16:49:25.651000 1316967 torch/distributed/tensor/_redistribute.py:347] While redistributing from (_NormPartial(2.0), _NormPartial(2.0)) to (Replicate(), Replicate()), 2 sequential all_reduce operations will be performed. This is suboptimal: multiple collective operations have higher latency (separate kernel launches and synchronization points) and may give inconsistent results between ranks due to different reduction orders. To optimize, flatten mesh dimensions ["dp_shard", "tp"] so DTensor can use a single operation instead.
[rank43]:W0630 16:49:25.652000 1286543 torch/distributed/tensor/_redistribute.py:347] While redistributing from (_NormPartial(2.0), _NormPartial(2.0)) to (Replicate(), Replicate()), 2 sequential all_reduce operations will be performed. This is suboptimal: multiple collective operations have higher latency (separate kernel launches and synchronization points) and may give inconsistent results between ranks due to different reduction orders. To optimize, flatten mesh dimensions ["dp_shard", "tp"] so DTensor can use a single operation instead.
[rank35]:W0630 16:49:25.651000 1315039 torch/distributed/tensor/_redistribute.py:347] While redistributing from (_NormPartial(2.0), _NormPartial(2.0)) to (Replicate(), Replicate()), 2 sequential all_reduce operations will be performed. This is suboptimal: multiple collective operations have higher latency (separate kernel launches and synchronization points) and may give inconsistent results between ranks due to different reduction orders. To optimize, flatten mesh dimensions ["dp_shard", "tp"] so DTensor can use a single operation instead.
[rank103]:W0630 16:49:25.651000 1263681 torch/distributed/tensor/_redistribute.py:347] While redistributing from (_NormPartial(2.0), _NormPartial(2.0)) to (Replicate(), Replicate()), 2 sequential all_reduce operations will be performed. This is suboptimal: multiple collective operations have higher latency (separate kernel launches and synchronization points) and may give inconsistent results between ranks due to different reduction orders. To optimize, flatten mesh dimensions ["dp_shard", "tp"] so DTensor can use a single operation instead.
[rank3]:W0630 16:49:25.652000 1248654 torch/distributed/tensor/_redistribute.py:347] While redistributing from (_NormPartial(2.0), _NormPartial(2.0)) to (Replicate(), Replicate()), 2 sequential all_reduce operations will be performed. This is suboptimal: multiple collective operations have higher latency (separate kernel launches and synchronization points) and may give inconsistent results between ranks due to different reduction orders. To optimize, flatten mesh dimensions ["dp_shard", "tp"] so DTensor can use a single operation instead.
[rank39]:W0630 16:49:25.652000 1327355 torch/distributed/tensor/_redistribute.py:347] While redistributing from (_NormPartial(2.0), _NormPartial(2.0)) to (Replicate(), Replicate()), 2 sequential all_reduce operations will be performed. This is suboptimal: multiple collective operations have higher latency (separate kernel launches and synchronization points) and may give inconsistent results between ranks due to different reduction orders. To optimize, flatten mesh dimensions ["dp_shard", "tp"] so DTensor can use a single operation instead.
[rank91]:W0630 16:49:25.652000 1316244 torch/distributed/tensor/_redistribute.py:347] While redistributing from (_NormPartial(2.0), _NormPartial(2.0)) to (Replicate(), Replicate()), 2 sequential all_reduce operations will be performed. This is suboptimal: multiple collective operations have higher latency (separate kernel launches and synchronization points) and may give inconsistent results between ranks due to different reduction orders. To optimize, flatten mesh dimensions ["dp_shard", "tp"] so DTensor can use a single operation instead.
[rank67]:W0630 16:49:25.652000 1245194 torch/distributed/tensor/_redistribute.py:347] While redistributing from (_NormPartial(2.0), _NormPartial(2.0)) to (Replicate(), Replicate()), 2 sequential all_reduce operations will be performed. This is suboptimal: multiple collective operations have higher latency (separate kernel launches and synchronization points) and may give inconsistent results between ranks due to different reduction orders. To optimize, flatten mesh dimensions ["dp_shard", "tp"] so DTensor can use a single operation instead.
[rank55]:W0630 16:49:25.652000 1339347 torch/distributed/tensor/_redistribute.py:347] While redistributing from (_NormPartial(2.0), _NormPartial(2.0)) to (Replicate(), Replicate()), 2 sequential all_reduce operations will be performed. This is suboptimal: multiple collective operations have higher latency (separate kernel launches and synchronization points) and may give inconsistent results between ranks due to different reduction orders. To optimize, flatten mesh dimensions ["dp_shard", "tp"] so DTensor can use a single operation instead.
[rank63]:W0630 16:49:25.652000 1254945 torch/distributed/tensor/_redistribute.py:347] While redistributing from (_NormPartial(2.0), _NormPartial(2.0)) to (Replicate(), Replicate()), 2 sequential all_reduce operations will be performed. This is suboptimal: multiple collective operations have higher latency (separate kernel launches and synchronization points) and may give inconsistent results between ranks due to different reduction orders. To optimize, flatten mesh dimensions ["dp_shard", "tp"] so DTensor can use a single operation instead.
[rank71]:W0630 16:49:25.652000 96516 torch/distributed/tensor/_redistribute.py:347] While redistributing from (_NormPartial(2.0), _NormPartial(2.0)) to (Replicate(), Replicate()), 2 sequential all_reduce operations will be performed. This is suboptimal: multiple collective operations have higher latency (separate kernel launches and synchronization points) and may give inconsistent results between ranks due to different reduction orders. To optimize, flatten mesh dimensions ["dp_shard", "tp"] so DTensor can use a single operation instead.
[rank99]:W0630 16:49:25.652000 1308051 torch/distributed/tensor/_redistribute.py:347] While redistributing from (_NormPartial(2.0), _NormPartial(2.0)) to (Replicate(), Replicate()), 2 sequential all_reduce operations will be performed. This is suboptimal: multiple collective operations have higher latency (separate kernel launches and synchronization points) and may give inconsistent results between ranks due to different reduction orders. To optimize, flatten mesh dimensions ["dp_shard", "tp"] so DTensor can use a single operation instead.
[rank27]:W0630 16:49:25.652000 1277660 torch/distributed/tensor/_redistribute.py:347] While redistributing from (_NormPartial(2.0), _NormPartial(2.0)) to (Replicate(), Replicate()), 2 sequential all_reduce operations will be performed. This is suboptimal: multiple collective operations have higher latency (separate kernel launches and synchronization points) and may give inconsistent results between ranks due to different reduction orders. To optimize, flatten mesh dimensions ["dp_shard", "tp"] so DTensor can use a single operation instead.
[rank31]:W0630 16:49:25.652000 1242963 torch/distributed/tensor/_redistribute.py:347] While redistributing from (_NormPartial(2.0), _NormPartial(2.0)) to (Replicate(), Replicate()), 2 sequential all_reduce operations will be performed. This is suboptimal: multiple collective operations have higher latency (separate kernel launches and synchronization points) and may give inconsistent results between ranks due to different reduction orders. To optimize, flatten mesh dimensions ["dp_shard", "tp"] so DTensor can use a single operation instead.
[rank83]:W0630 16:49:25.652000 1305939 torch/distributed/tensor/_redistribute.py:347] While redistributing from (_NormPartial(2.0), _NormPartial(2.0)) to (Replicate(), Replicate()), 2 sequential all_reduce operations will be performed. This is suboptimal: multiple collective operations have higher latency (separate kernel launches and synchronization points) and may give inconsistent results between ranks due to different reduction orders. To optimize, flatten mesh dimensions ["dp_shard", "tp"] so DTensor can use a single operation instead.
[rank59]:W0630 16:49:25.652000 1350929 torch/distributed/tensor/_redistribute.py:347] While redistributing from (_NormPartial(2.0), _NormPartial(2.0)) to (Replicate(), Replicate()), 2 sequential all_reduce operations will be performed. This is suboptimal: multiple collective operations have higher latency (separate kernel launches and synchronization points) and may give inconsistent results between ranks due to different reduction orders. To optimize, flatten mesh dimensions ["dp_shard", "tp"] so DTensor can use a single operation instead.
[rank95]:W0630 16:49:25.652000 1313089 torch/distributed/tensor/_redistribute.py:347] While redistributing from (_NormPartial(2.0), _NormPartial(2.0)) to (Replicate(), Replicate()), 2 sequential all_reduce operations will be performed. This is suboptimal: multiple collective operations have higher latency (separate kernel launches and synchronization points) and may give inconsistent results between ranks due to different reduction orders. To optimize, flatten mesh dimensions ["dp_shard", "tp"] so DTensor can use a single operation instead.
[rank87]:W0630 16:49:25.652000 1274887 torch/distributed/tensor/_redistribute.py:347] While redistributing from (_NormPartial(2.0), _NormPartial(2.0)) to (Replicate(), Replicate()), 2 sequential all_reduce operations will be performed. This is suboptimal: multiple collective operations have higher latency (separate kernel launches and synchronization points) and may give inconsistent results between ranks due to different reduction orders. To optimize, flatten mesh dimensions ["dp_shard", "tp"] so DTensor can use a single operation instead.
[rank79]:W0630 16:49:25.653000 1293834 torch/distributed/tensor/_redistribute.py:347] While redistributing from (_NormPartial(2.0), _NormPartial(2.0)) to (Replicate(), Replicate()), 2 sequential all_reduce operations will be performed. This is suboptimal: multiple collective operations have higher latency (separate kernel launches and synchronization points) and may give inconsistent results between ranks due to different reduction orders. To optimize, flatten mesh dimensions ["dp_shard", "tp"] so DTensor can use a single operation instead.
[rank11]:W0630 16:49:25.653000 1316678 torch/distributed/tensor/_redistribute.py:347] While redistributing from (_NormPartial(2.0), _NormPartial(2.0)) to (Replicate(), Replicate()), 2 sequential all_reduce operations will be performed. This is suboptimal: multiple collective operations have higher latency (separate kernel launches and synchronization points) and may give inconsistent results between ranks due to different reduction orders. To optimize, flatten mesh dimensions ["dp_shard", "tp"] so DTensor can use a single operation instead.
[rank23]:W0630 16:49:25.653000 1249247 torch/distributed/tensor/_redistribute.py:347] While redistributing from (_NormPartial(2.0), _NormPartial(2.0)) to (Replicate(), Replicate()), 2 sequential all_reduce operations will be performed. This is suboptimal: multiple collective operations have higher latency (separate kernel launches and synchronization points) and may give inconsistent results between ranks due to different reduction orders. To optimize, flatten mesh dimensions ["dp_shard", "tp"] so DTensor can use a single operation instead.
[rank75]:W0630 16:49:25.653000 1237227 torch/distributed/tensor/_redistribute.py:347] While redistributing from (_NormPartial(2.0), _NormPartial(2.0)) to (Replicate(), Replicate()), 2 sequential all_reduce operations will be performed. This is suboptimal: multiple collective operations have higher latency (separate kernel launches and synchronization points) and may give inconsistent results between ranks due to different reduction orders. To optimize, flatten mesh dimensions ["dp_shard", "tp"] so DTensor can use a single operation instead.
[rank119]:W0630 16:49:25.653000 1313166 torch/distributed/tensor/_redistribute.py:347] While redistributing from (_NormPartial(2.0), _NormPartial(2.0)) to (Replicate(), Replicate()), 2 sequential all_reduce operations will be performed. This is suboptimal: multiple collective operations have higher latency (separate kernel launches and synchronization points) and may give inconsistent results between ranks due to different reduction orders. To optimize, flatten mesh dimensions ["dp_shard", "tp"] so DTensor can use a single operation instead.
[rank51]:W0630 16:49:25.653000 1290109 torch/distributed/tensor/_redistribute.py:347] While redistributing from (_NormPartial(2.0), _NormPartial(2.0)) to (Replicate(), Replicate()), 2 sequential all_reduce operations will be performed. This is suboptimal: multiple collective operations have higher latency (separate kernel launches and synchronization points) and may give inconsistent results between ranks due to different reduction orders. To optimize, flatten mesh dimensions ["dp_shard", "tp"] so DTensor can use a single operation instead.
[rank115]:W0630 16:49:25.653000 1244124 torch/distributed/tensor/_redistribute.py:347] While redistributing from (_NormPartial(2.0), _NormPartial(2.0)) to (Replicate(), Replicate()), 2 sequential all_reduce operations will be performed. This is suboptimal: multiple collective operations have higher latency (separate kernel launches and synchronization points) and may give inconsistent results between ranks due to different reduction orders. To optimize, flatten mesh dimensions ["dp_shard", "tp"] so DTensor can use a single operation instead.
[rank127]:W0630 16:49:25.653000 1243631 torch/distributed/tensor/_redistribute.py:347] While redistributing from (_NormPartial(2.0), _NormPartial(2.0)) to (Replicate(), Replicate()), 2 sequential all_reduce operations will be performed. This is suboptimal: multiple collective operations have higher latency (separate kernel launches and synchronization points) and may give inconsistent results between ranks due to different reduction orders. To optimize, flatten mesh dimensions ["dp_shard", "tp"] so DTensor can use a single operation instead.
[rank111]:W0630 16:49:25.653000 1254590 torch/distributed/tensor/_redistribute.py:347] While redistributing from (_NormPartial(2.0), _NormPartial(2.0)) to (Replicate(), Replicate()), 2 sequential all_reduce operations will be performed. This is suboptimal: multiple collective operations have higher latency (separate kernel launches and synchronization points) and may give inconsistent results between ranks due to different reduction orders. To optimize, flatten mesh dimensions ["dp_shard", "tp"] so DTensor can use a single operation instead.
[rank107]:W0630 16:49:25.654000 1330646 torch/distributed/tensor/_redistribute.py:347] While redistributing from (_NormPartial(2.0), _NormPartial(2.0)) to (Replicate(), Replicate()), 2 sequential all_reduce operations will be performed. This is suboptimal: multiple collective operations have higher latency (separate kernel launches and synchronization points) and may give inconsistent results between ranks due to different reduction orders. To optimize, flatten mesh dimensions ["dp_shard", "tp"] so DTensor can use a single operation instead.
[rank40]:W0630 16:49:25.656000 1286544 torch/distributed/tensor/_redistribute.py:347] While redistributing from (_NormPartial(2.0), _NormPartial(2.0)) to (Replicate(), Replicate()), 2 sequential all_reduce operations will be performed. This is suboptimal: multiple collective operations have higher latency (separate kernel launches and synchronization points) and may give inconsistent results between ranks due to different reduction orders. To optimize, flatten mesh dimensions ["dp_shard", "tp"] so DTensor can use a single operation instead.
[rank96]:W0630 16:49:25.656000 1308049 torch/distributed/tensor/_redistribute.py:347] While redistributing from (_NormPartial(2.0), _NormPartial(2.0)) to (Replicate(), Replicate()), 2 sequential all_reduce operations will be performed. This is suboptimal: multiple collective operations have higher latency (separate kernel launches and synchronization points) and may give inconsistent results between ranks due to different reduction orders. To optimize, flatten mesh dimensions ["dp_shard", "tp"] so DTensor can use a single operation instead.
[rank44]:W0630 16:49:25.656000 1303772 torch/distributed/tensor/_redistribute.py:347] While redistributing from (_NormPartial(2.0), _NormPartial(2.0)) to (Replicate(), Replicate()), 2 sequential all_reduce operations will be performed. This is suboptimal: multiple collective operations have higher latency (separate kernel launches and synchronization points) and may give inconsistent results between ranks due to different reduction orders. To optimize, flatten mesh dimensions ["dp_shard", "tp"] so DTensor can use a single operation instead.
[rank4]:W0630 16:49:25.657000 1316199 torch/distributed/tensor/_redistribute.py:347] While redistributing from (_NormPartial(2.0), _NormPartial(2.0)) to (Replicate(), Replicate()), 2 sequential all_reduce operations will be performed. This is suboptimal: multiple collective operations have higher latency (separate kernel launches and synchronization points) and may give inconsistent results between ranks due to different reduction orders. To optimize, flatten mesh dimensions ["dp_shard", "tp"] so DTensor can use a single operation instead.
[rank80]:W0630 16:49:25.657000 1305942 torch/distributed/tensor/_redistribute.py:347] While redistributing from (_NormPartial(2.0), _NormPartial(2.0)) to (Replicate(), Replicate()), 2 sequential all_reduce operations will be performed. This is suboptimal: multiple collective operations have higher latency (separate kernel launches and synchronization points) and may give inconsistent results between ranks due to different reduction orders. To optimize, flatten mesh dimensions ["dp_shard", "tp"] so DTensor can use a single operation instead.
[rank8]:W0630 16:49:25.657000 1316677 torch/distributed/tensor/_redistribute.py:347] While redistributing from (_NormPartial(2.0), _NormPartial(2.0)) to (Replicate(), Replicate()), 2 sequential all_reduce operations will be performed. This is suboptimal: multiple collective operations have higher latency (separate kernel launches and synchronization points) and may give inconsistent results between ranks due to different reduction orders. To optimize, flatten mesh dimensions ["dp_shard", "tp"] so DTensor can use a single operation instead.
[rank100]:W0630 16:49:25.657000 1263680 torch/distributed/tensor/_redistribute.py:347] While redistributing from (_NormPartial(2.0), _NormPartial(2.0)) to (Replicate(), Replicate()), 2 sequential all_reduce operations will be performed. This is suboptimal: multiple collective operations have higher latency (separate kernel launches and synchronization points) and may give inconsistent results between ranks due to different reduction orders. To optimize, flatten mesh dimensions ["dp_shard", "tp"] so DTensor can use a single operation instead.
[rank72]:W0630 16:49:25.657000 1237225 torch/distributed/tensor/_redistribute.py:347] While redistributing from (_NormPartial(2.0), _NormPartial(2.0)) to (Replicate(), Replicate()), 2 sequential all_reduce operations will be performed. This is suboptimal: multiple collective operations have higher latency (separate kernel launches and synchronization points) and may give inconsistent results between ranks due to different reduction orders. To optimize, flatten mesh dimensions ["dp_shard", "tp"] so DTensor can use a single operation instead.
[rank60]:W0630 16:49:25.657000 1254943 torch/distributed/tensor/_redistribute.py:347] While redistributing from (_NormPartial(2.0), _NormPartial(2.0)) to (Replicate(), Replicate()), 2 sequential all_reduce operations will be performed. This is suboptimal: multiple collective operations have higher latency (separate kernel launches and synchronization points) and may give inconsistent results between ranks due to different reduction orders. To optimize, flatten mesh dimensions ["dp_shard", "tp"] so DTensor can use a single operation instead.
[rank16]:W0630 16:49:25.658000 1316968 torch/distributed/tensor/_redistribute.py:347] While redistributing from (_NormPartial(2.0), _NormPartial(2.0)) to (Replicate(), Replicate()), 2 sequential all_reduce operations will be performed. This is suboptimal: multiple collective operations have higher latency (separate kernel launches and synchronization points) and may give inconsistent results between ranks due to different reduction orders. To optimize, flatten mesh dimensions ["dp_shard", "tp"] so DTensor can use a single operation instead.
[rank92]:W0630 16:49:25.658000 1313088 torch/distributed/tensor/_redistribute.py:347] While redistributing from (_NormPartial(2.0), _NormPartial(2.0)) to (Replicate(), Replicate()), 2 sequential all_reduce operations will be performed. This is suboptimal: multiple collective operations have higher latency (separate kernel launches and synchronization points) and may give inconsistent results between ranks due to different reduction orders. To optimize, flatten mesh dimensions ["dp_shard", "tp"] so DTensor can use a single operation instead.
[rank0]:W0630 16:49:25.658000 1248652 torch/distributed/tensor/_redistribute.py:347] While redistributing from (_NormPartial(2.0), _NormPartial(2.0)) to (Replicate(), Replicate()), 2 sequential all_reduce operations will be performed. This is suboptimal: multiple collective operations have higher latency (separate kernel launches and synchronization points) and may give inconsistent results between ranks due to different reduction orders. To optimize, flatten mesh dimensions ["dp_shard", "tp"] so DTensor can use a single operation instead.
[rank64]:W0630 16:49:25.658000 1245197 torch/distributed/tensor/_redistribute.py:347] While redistributing from (_NormPartial(2.0), _NormPartial(2.0)) to (Replicate(), Replicate()), 2 sequential all_reduce operations will be performed. This is suboptimal: multiple collective operations have higher latency (separate kernel launches and synchronization points) and may give inconsistent results between ranks due to different reduction orders. To optimize, flatten mesh dimensions ["dp_shard", "tp"] so DTensor can use a single operation instead.
[rank20]:W0630 16:49:25.658000 1249246 torch/distributed/tensor/_redistribute.py:347] While redistributing from (_NormPartial(2.0), _NormPartial(2.0)) to (Replicate(), Replicate()), 2 sequential all_reduce operations will be performed. This is suboptimal: multiple collective operations have higher latency (separate kernel launches and synchronization points) and may give inconsistent results between ranks due to different reduction orders. To optimize, flatten mesh dimensions ["dp_shard", "tp"] so DTensor can use a single operation instead.
[rank112]:W0630 16:49:25.658000 1244126 torch/distributed/tensor/_redistribute.py:347] While redistributing from (_NormPartial(2.0), _NormPartial(2.0)) to (Replicate(), Replicate()), 2 sequential all_reduce operations will be performed. This is suboptimal: multiple collective operations have higher latency (separate kernel launches and synchronization points) and may give inconsistent results between ranks due to different reduction orders. To optimize, flatten mesh dimensions ["dp_shard", "tp"] so DTensor can use a single operation instead.
[rank116]:W0630 16:49:25.658000 1313164 torch/distributed/tensor/_redistribute.py:347] While redistributing from (_NormPartial(2.0), _NormPartial(2.0)) to (Replicate(), Replicate()), 2 sequential all_reduce operations will be performed. This is suboptimal: multiple collective operations have higher latency (separate kernel launches and synchronization points) and may give inconsistent results between ranks due to different reduction orders. To optimize, flatten mesh dimensions ["dp_shard", "tp"] so DTensor can use a single operation instead.
[rank36]:W0630 16:49:25.658000 1327356 torch/distributed/tensor/_redistribute.py:347] While redistributing from (_NormPartial(2.0), _NormPartial(2.0)) to (Replicate(), Replicate()), 2 sequential all_reduce operations will be performed. This is suboptimal: multiple collective operations have higher latency (separate kernel launches and synchronization points) and may give inconsistent results between ranks due to different reduction orders. To optimize, flatten mesh dimensions ["dp_shard", "tp"] so DTensor can use a single operation instead.
[rank124]:W0630 16:49:25.658000 1243634 torch/distributed/tensor/_redistribute.py:347] While redistributing from (_NormPartial(2.0), _NormPartial(2.0)) to (Replicate(), Replicate()), 2 sequential all_reduce operations will be performed. This is suboptimal: multiple collective operations have higher latency (separate kernel launches and synchronization points) and may give inconsistent results between ranks due to different reduction orders. To optimize, flatten mesh dimensions ["dp_shard", "tp"] so DTensor can use a single operation instead.
[rank104]:W0630 16:49:25.658000 1330644 torch/distributed/tensor/_redistribute.py:347] While redistributing from (_NormPartial(2.0), _NormPartial(2.0)) to (Replicate(), Replicate()), 2 sequential all_reduce operations will be performed. This is suboptimal: multiple collective operations have higher latency (separate kernel launches and synchronization points) and may give inconsistent results between ranks due to different reduction orders. To optimize, flatten mesh dimensions ["dp_shard", "tp"] so DTensor can use a single operation instead.
[rank12]:W0630 16:49:25.658000 1303405 torch/distributed/tensor/_redistribute.py:347] While redistributing from (_NormPartial(2.0), _NormPartial(2.0)) to (Replicate(), Replicate()), 2 sequential all_reduce operations will be performed. This is suboptimal: multiple collective operations have higher latency (separate kernel launches and synchronization points) and may give inconsistent results between ranks due to different reduction orders. To optimize, flatten mesh dimensions ["dp_shard", "tp"] so DTensor can use a single operation instead.
[rank32]:W0630 16:49:25.658000 1315042 torch/distributed/tensor/_redistribute.py:347] While redistributing from (_NormPartial(2.0), _NormPartial(2.0)) to (Replicate(), Replicate()), 2 sequential all_reduce operations will be performed. This is suboptimal: multiple collective operations have higher latency (separate kernel launches and synchronization points) and may give inconsistent results between ranks due to different reduction orders. To optimize, flatten mesh dimensions ["dp_shard", "tp"] so DTensor can use a single operation instead.
[rank28]:W0630 16:49:25.658000 1242966 torch/distributed/tensor/_redistribute.py:347] While redistributing from (_NormPartial(2.0), _NormPartial(2.0)) to (Replicate(), Replicate()), 2 sequential all_reduce operations will be performed. This is suboptimal: multiple collective operations have higher latency (separate kernel launches and synchronization points) and may give inconsistent results between ranks due to different reduction orders. To optimize, flatten mesh dimensions ["dp_shard", "tp"] so DTensor can use a single operation instead.
[rank108]:W0630 16:49:25.658000 1254593 torch/distributed/tensor/_redistribute.py:347] While redistributing from (_NormPartial(2.0), _NormPartial(2.0)) to (Replicate(), Replicate()), 2 sequential all_reduce operations will be performed. This is suboptimal: multiple collective operations have higher latency (separate kernel launches and synchronization points) and may give inconsistent results between ranks due to different reduction orders. To optimize, flatten mesh dimensions ["dp_shard", "tp"] so DTensor can use a single operation instead.
[rank24]:W0630 16:49:25.658000 1277658 torch/distributed/tensor/_redistribute.py:347] While redistributing from (_NormPartial(2.0), _NormPartial(2.0)) to (Replicate(), Replicate()), 2 sequential all_reduce operations will be performed. This is suboptimal: multiple collective operations have higher latency (separate kernel launches and synchronization points) and may give inconsistent results between ranks due to different reduction orders. To optimize, flatten mesh dimensions ["dp_shard", "tp"] so DTensor can use a single operation instead.
[rank52]:W0630 16:49:25.658000 1339350 torch/distributed/tensor/_redistribute.py:347] While redistributing from (_NormPartial(2.0), _NormPartial(2.0)) to (Replicate(), Replicate()), 2 sequential all_reduce operations will be performed. This is suboptimal: multiple collective operations have higher latency (separate kernel launches and synchronization points) and may give inconsistent results between ranks due to different reduction orders. To optimize, flatten mesh dimensions ["dp_shard", "tp"] so DTensor can use a single operation instead.
[rank48]:W0630 16:49:25.658000 1290110 torch/distributed/tensor/_redistribute.py:347] While redistributing from (_NormPartial(2.0), _NormPartial(2.0)) to (Replicate(), Replicate()), 2 sequential all_reduce operations will be performed. This is suboptimal: multiple collective operations have higher latency (separate kernel launches and synchronization points) and may give inconsistent results between ranks due to different reduction orders. To optimize, flatten mesh dimensions ["dp_shard", "tp"] so DTensor can use a single operation instead.
[rank76]:W0630 16:49:25.659000 1293832 torch/distributed/tensor/_redistribute.py:347] While redistributing from (_NormPartial(2.0), _NormPartial(2.0)) to (Replicate(), Replicate()), 2 sequential all_reduce operations will be performed. This is suboptimal: multiple collective operations have higher latency (separate kernel launches and synchronization points) and may give inconsistent results between ranks due to different reduction orders. To optimize, flatten mesh dimensions ["dp_shard", "tp"] so DTensor can use a single operation instead.
[rank68]:W0630 16:49:25.659000 96514 torch/distributed/tensor/_redistribute.py:347] While redistributing from (_NormPartial(2.0), _NormPartial(2.0)) to (Replicate(), Replicate()), 2 sequential all_reduce operations will be performed. This is suboptimal: multiple collective operations have higher latency (separate kernel launches and synchronization points) and may give inconsistent results between ranks due to different reduction orders. To optimize, flatten mesh dimensions ["dp_shard", "tp"] so DTensor can use a single operation instead.
[rank88]:W0630 16:49:25.659000 1316246 torch/distributed/tensor/_redistribute.py:347] While redistributing from (_NormPartial(2.0), _NormPartial(2.0)) to (Replicate(), Replicate()), 2 sequential all_reduce operations will be performed. This is suboptimal: multiple collective operations have higher latency (separate kernel launches and synchronization points) and may give inconsistent results between ranks due to different reduction orders. To optimize, flatten mesh dimensions ["dp_shard", "tp"] so DTensor can use a single operation instead.
[rank84]:W0630 16:49:25.659000 1274889 torch/distributed/tensor/_redistribute.py:347] While redistributing from (_NormPartial(2.0), _NormPartial(2.0)) to (Replicate(), Replicate()), 2 sequential all_reduce operations will be performed. This is suboptimal: multiple collective operations have higher latency (separate kernel launches and synchronization points) and may give inconsistent results between ranks due to different reduction orders. To optimize, flatten mesh dimensions ["dp_shard", "tp"] so DTensor can use a single operation instead.
[rank56]:W0630 16:49:25.659000 1350931 torch/distributed/tensor/_redistribute.py:347] While redistributing from (_NormPartial(2.0), _NormPartial(2.0)) to (Replicate(), Replicate()), 2 sequential all_reduce operations will be performed. This is suboptimal: multiple collective operations have higher latency (separate kernel launches and synchronization points) and may give inconsistent results between ranks due to different reduction orders. To optimize, flatten mesh dimensions ["dp_shard", "tp"] so DTensor can use a single operation instead.
[rank120]:W0630 16:49:25.659000 1302340 torch/distributed/tensor/_redistribute.py:347] While redistributing from (_NormPartial(2.0), _NormPartial(2.0)) to (Replicate(), Replicate()), 2 sequential all_reduce operations will be performed. This is suboptimal: multiple collective operations have higher latency (separate kernel launches and synchronization points) and may give inconsistent results between ranks due to different reduction orders. To optimize, flatten mesh dimensions ["dp_shard", "tp"] so DTensor can use a single operation instead.
[rank74]:W0630 16:49:25.707000 1237224 torch/distributed/tensor/_redistribute.py:347] While redistributing from (_NormPartial(2.0), _NormPartial(2.0)) to (Replicate(), Replicate()), 2 sequential all_reduce operations will be performed. This is suboptimal: multiple collective operations have higher latency (separate kernel launches and synchronization points) and may give inconsistent results between ranks due to different reduction orders. To optimize, flatten mesh dimensions ["dp_shard", "tp"] so DTensor can use a single operation instead.
[rank110]:W0630 16:49:25.708000 1254591 torch/distributed/tensor/_redistribute.py:347] While redistributing from (_NormPartial(2.0), _NormPartial(2.0)) to (Replicate(), Replicate()), 2 sequential all_reduce operations will be performed. This is suboptimal: multiple collective operations have higher latency (separate kernel launches and synchronization points) and may give inconsistent results between ranks due to different reduction orders. To optimize, flatten mesh dimensions ["dp_shard", "tp"] so DTensor can use a single operation instead.
[rank66]:W0630 16:49:25.708000 1245195 torch/distributed/tensor/_redistribute.py:347] While redistributing from (_NormPartial(2.0), _NormPartial(2.0)) to (Replicate(), Replicate()), 2 sequential all_reduce operations will be performed. This is suboptimal: multiple collective operations have higher latency (separate kernel launches and synchronization points) and may give inconsistent results between ranks due to different reduction orders. To optimize, flatten mesh dimensions ["dp_shard", "tp"] so DTensor can use a single operation instead.
[rank42]:W0630 16:49:25.708000 1286542 torch/distributed/tensor/_redistribute.py:347] While redistributing from (_NormPartial(2.0), _NormPartial(2.0)) to (Replicate(), Replicate()), 2 sequential all_reduce operations will be performed. This is suboptimal: multiple collective operations have higher latency (separate kernel launches and synchronization points) and may give inconsistent results between ranks due to different reduction orders. To optimize, flatten mesh dimensions ["dp_shard", "tp"] so DTensor can use a single operation instead.
[rank2]:W0630 16:49:25.709000 1248653 torch/distributed/tensor/_redistribute.py:347] While redistributing from (_NormPartial(2.0), _NormPartial(2.0)) to (Replicate(), Replicate()), 2 sequential all_reduce operations will be performed. This is suboptimal: multiple collective operations have higher latency (separate kernel launches and synchronization points) and may give inconsistent results between ranks due to different reduction orders. To optimize, flatten mesh dimensions ["dp_shard", "tp"] so DTensor can use a single operation instead.
[rank50]:W0630 16:49:25.708000 1290112 torch/distributed/tensor/_redistribute.py:347] While redistributing from (_NormPartial(2.0), _NormPartial(2.0)) to (Replicate(), Replicate()), 2 sequential all_reduce operations will be performed. This is suboptimal: multiple collective operations have higher latency (separate kernel launches and synchronization points) and may give inconsistent results between ranks due to different reduction orders. To optimize, flatten mesh dimensions ["dp_shard", "tp"] so DTensor can use a single operation instead.
[rank106]:W0630 16:49:25.708000 1330647 torch/distributed/tensor/_redistribute.py:347] While redistributing from (_NormPartial(2.0), _NormPartial(2.0)) to (Replicate(), Replicate()), 2 sequential all_reduce operations will be performed. This is suboptimal: multiple collective operations have higher latency (separate kernel launches and synchronization points) and may give inconsistent results between ranks due to different reduction orders. To optimize, flatten mesh dimensions ["dp_shard", "tp"] so DTensor can use a single operation instead.
[rank30]:W0630 16:49:25.708000 1242965 torch/distributed/tensor/_redistribute.py:347] While redistributing from (_NormPartial(2.0), _NormPartial(2.0)) to (Replicate(), Replicate()), 2 sequential all_reduce operations will be performed. This is suboptimal: multiple collective operations have higher latency (separate kernel launches and synchronization points) and may give inconsistent results between ranks due to different reduction orders. To optimize, flatten mesh dimensions ["dp_shard", "tp"] so DTensor can use a single operation instead.
[rank90]:W0630 16:49:25.708000 1316243 torch/distributed/tensor/_redistribute.py:347] While redistributing from (_NormPartial(2.0), _NormPartial(2.0)) to (Replicate(), Replicate()), 2 sequential all_reduce operations will be performed. This is suboptimal: multiple collective operations have higher latency (separate kernel launches and synchronization points) and may give inconsistent results between ranks due to different reduction orders. To optimize, flatten mesh dimensions ["dp_shard", "tp"] so DTensor can use a single operation instead.
[rank98]:W0630 16:49:25.708000 1308050 torch/distributed/tensor/_redistribute.py:347] While redistributing from (_NormPartial(2.0), _NormPartial(2.0)) to (Replicate(), Replicate()), 2 sequential all_reduce operations will be performed. This is suboptimal: multiple collective operations have higher latency (separate kernel launches and synchronization points) and may give inconsistent results between ranks due to different reduction orders. To optimize, flatten mesh dimensions ["dp_shard", "tp"] so DTensor can use a single operation instead.
[rank6]:W0630 16:49:25.708000 1316198 torch/distributed/tensor/_redistribute.py:347] While redistributing from (_NormPartial(2.0), _NormPartial(2.0)) to (Replicate(), Replicate()), 2 sequential all_reduce operations will be performed. This is suboptimal: multiple collective operations have higher latency (separate kernel launches and synchronization points) and may give inconsistent results between ranks due to different reduction orders. To optimize, flatten mesh dimensions ["dp_shard", "tp"] so DTensor can use a single operation instead.
[rank58]:W0630 16:49:25.708000 1350928 torch/distributed/tensor/_redistribute.py:347] While redistributing from (_NormPartial(2.0), _NormPartial(2.0)) to (Replicate(), Replicate()), 2 sequential all_reduce operations will be performed. This is suboptimal: multiple collective operations have higher latency (separate kernel launches and synchronization points) and may give inconsistent results between ranks due to different reduction orders. To optimize, flatten mesh dimensions ["dp_shard", "tp"] so DTensor can use a single operation instead.
[rank86]:W0630 16:49:25.708000 1274886 torch/distributed/tensor/_redistribute.py:347] While redistributing from (_NormPartial(2.0), _NormPartial(2.0)) to (Replicate(), Replicate()), 2 sequential all_reduce operations will be performed. This is suboptimal: multiple collective operations have higher latency (separate kernel launches and synchronization points) and may give inconsistent results between ranks due to different reduction orders. To optimize, flatten mesh dimensions ["dp_shard", "tp"] so DTensor can use a single operation instead.
[rank46]:W0630 16:49:25.708000 1303770 torch/distributed/tensor/_redistribute.py:347] While redistributing from (_NormPartial(2.0), _NormPartial(2.0)) to (Replicate(), Replicate()), 2 sequential all_reduce operations will be performed. This is suboptimal: multiple collective operations have higher latency (separate kernel launches and synchronization points) and may give inconsistent results between ranks due to different reduction orders. To optimize, flatten mesh dimensions ["dp_shard", "tp"] so DTensor can use a single operation instead.
[rank114]:W0630 16:49:25.708000 1244125 torch/distributed/tensor/_redistribute.py:347] While redistributing from (_NormPartial(2.0), _NormPartial(2.0)) to (Replicate(), Replicate()), 2 sequential all_reduce operations will be performed. This is suboptimal: multiple collective operations have higher latency (separate kernel launches and synchronization points) and may give inconsistent results between ranks due to different reduction orders. To optimize, flatten mesh dimensions ["dp_shard", "tp"] so DTensor can use a single operation instead.
[rank126]:W0630 16:49:25.708000 1243633 torch/distributed/tensor/_redistribute.py:347] While redistributing from (_NormPartial(2.0), _NormPartial(2.0)) to (Replicate(), Replicate()), 2 sequential all_reduce operations will be performed. This is suboptimal: multiple collective operations have higher latency (separate kernel launches and synchronization points) and may give inconsistent results between ranks due to different reduction orders. To optimize, flatten mesh dimensions ["dp_shard", "tp"] so DTensor can use a single operation instead.
[rank38]:W0630 16:49:25.709000 1327354 torch/distributed/tensor/_redistribute.py:347] While redistributing from (_NormPartial(2.0), _NormPartial(2.0)) to (Replicate(), Replicate()), 2 sequential all_reduce operations will be performed. This is suboptimal: multiple collective operations have higher latency (separate kernel launches and synchronization points) and may give inconsistent results between ranks due to different reduction orders. To optimize, flatten mesh dimensions ["dp_shard", "tp"] so DTensor can use a single operation instead.
[rank122]:W0630 16:49:25.708000 1302343 torch/distributed/tensor/_redistribute.py:347] While redistributing from (_NormPartial(2.0), _NormPartial(2.0)) to (Replicate(), Replicate()), 2 sequential all_reduce operations will be performed. This is suboptimal: multiple collective operations have higher latency (separate kernel launches and synchronization points) and may give inconsistent results between ranks due to different reduction orders. To optimize, flatten mesh dimensions ["dp_shard", "tp"] so DTensor can use a single operation instead.
[rank70]:W0630 16:49:25.709000 96515 torch/distributed/tensor/_redistribute.py:347] While redistributing from (_NormPartial(2.0), _NormPartial(2.0)) to (Replicate(), Replicate()), 2 sequential all_reduce operations will be performed. This is suboptimal: multiple collective operations have higher latency (separate kernel launches and synchronization points) and may give inconsistent results between ranks due to different reduction orders. To optimize, flatten mesh dimensions ["dp_shard", "tp"] so DTensor can use a single operation instead.
[rank94]:W0630 16:49:25.709000 1313090 torch/distributed/tensor/_redistribute.py:347] While redistributing from (_NormPartial(2.0), _NormPartial(2.0)) to (Replicate(), Replicate()), 2 sequential all_reduce operations will be performed. This is suboptimal: multiple collective operations have higher latency (separate kernel launches and synchronization points) and may give inconsistent results between ranks due to different reduction orders. To optimize, flatten mesh dimensions ["dp_shard", "tp"] so DTensor can use a single operation instead.
[rank62]:W0630 16:49:25.709000 1254944 torch/distributed/tensor/_redistribute.py:347] While redistributing from (_NormPartial(2.0), _NormPartial(2.0)) to (Replicate(), Replicate()), 2 sequential all_reduce operations will be performed. This is suboptimal: multiple collective operations have higher latency (separate kernel launches and synchronization points) and may give inconsistent results between ranks due to different reduction orders. To optimize, flatten mesh dimensions ["dp_shard", "tp"] so DTensor can use a single operation instead.
[rank118]:W0630 16:49:25.709000 1313167 torch/distributed/tensor/_redistribute.py:347] While redistributing from (_NormPartial(2.0), _NormPartial(2.0)) to (Replicate(), Replicate()), 2 sequential all_reduce operations will be performed. This is suboptimal: multiple collective operations have higher latency (separate kernel launches and synchronization points) and may give inconsistent results between ranks due to different reduction orders. To optimize, flatten mesh dimensions ["dp_shard", "tp"] so DTensor can use a single operation instead.
[rank78]:W0630 16:49:25.709000 1293835 torch/distributed/tensor/_redistribute.py:347] While redistributing from (_NormPartial(2.0), _NormPartial(2.0)) to (Replicate(), Replicate()), 2 sequential all_reduce operations will be performed. This is suboptimal: multiple collective operations have higher latency (separate kernel launches and synchronization points) and may give inconsistent results between ranks due to different reduction orders. To optimize, flatten mesh dimensions ["dp_shard", "tp"] so DTensor can use a single operation instead.
[rank26]:W0630 16:49:25.709000 1277659 torch/distributed/tensor/_redistribute.py:347] While redistributing from (_NormPartial(2.0), _NormPartial(2.0)) to (Replicate(), Replicate()), 2 sequential all_reduce operations will be performed. This is suboptimal: multiple collective operations have higher latency (separate kernel launches and synchronization points) and may give inconsistent results between ranks due to different reduction orders. To optimize, flatten mesh dimensions ["dp_shard", "tp"] so DTensor can use a single operation instead.
[rank54]:W0630 16:49:25.709000 1339348 torch/distributed/tensor/_redistribute.py:347] While redistributing from (_NormPartial(2.0), _NormPartial(2.0)) to (Replicate(), Replicate()), 2 sequential all_reduce operations will be performed. This is suboptimal: multiple collective operations have higher latency (separate kernel launches and synchronization points) and may give inconsistent results between ranks due to different reduction orders. To optimize, flatten mesh dimensions ["dp_shard", "tp"] so DTensor can use a single operation instead.
[rank18]:W0630 16:49:25.709000 1316966 torch/distributed/tensor/_redistribute.py:347] While redistributing from (_NormPartial(2.0), _NormPartial(2.0)) to (Replicate(), Replicate()), 2 sequential all_reduce operations will be performed. This is suboptimal: multiple collective operations have higher latency (separate kernel launches and synchronization points) and may give inconsistent results between ranks due to different reduction orders. To optimize, flatten mesh dimensions ["dp_shard", "tp"] so DTensor can use a single operation instead.
[rank10]:W0630 16:49:25.709000 1316675 torch/distributed/tensor/_redistribute.py:347] While redistributing from (_NormPartial(2.0), _NormPartial(2.0)) to (Replicate(), Replicate()), 2 sequential all_reduce operations will be performed. This is suboptimal: multiple collective operations have higher latency (separate kernel launches and synchronization points) and may give inconsistent results between ranks due to different reduction orders. To optimize, flatten mesh dimensions ["dp_shard", "tp"] so DTensor can use a single operation instead.
[rank22]:W0630 16:49:25.709000 1249248 torch/distributed/tensor/_redistribute.py:347] While redistributing from (_NormPartial(2.0), _NormPartial(2.0)) to (Replicate(), Replicate()), 2 sequential all_reduce operations will be performed. This is suboptimal: multiple collective operations have higher latency (separate kernel launches and synchronization points) and may give inconsistent results between ranks due to different reduction orders. To optimize, flatten mesh dimensions ["dp_shard", "tp"] so DTensor can use a single operation instead.
[rank82]:W0630 16:49:25.709000 1305941 torch/distributed/tensor/_redistribute.py:347] While redistributing from (_NormPartial(2.0), _NormPartial(2.0)) to (Replicate(), Replicate()), 2 sequential all_reduce operations will be performed. This is suboptimal: multiple collective operations have higher latency (separate kernel launches and synchronization points) and may give inconsistent results between ranks due to different reduction orders. To optimize, flatten mesh dimensions ["dp_shard", "tp"] so DTensor can use a single operation instead.
[rank102]:W0630 16:49:25.709000 1263682 torch/distributed/tensor/_redistribute.py:347] While redistributing from (_NormPartial(2.0), _NormPartial(2.0)) to (Replicate(), Replicate()), 2 sequential all_reduce operations will be performed. This is suboptimal: multiple collective operations have higher latency (separate kernel launches and synchronization points) and may give inconsistent results between ranks due to different reduction orders. To optimize, flatten mesh dimensions ["dp_shard", "tp"] so DTensor can use a single operation instead.
[rank14]:W0630 16:49:25.710000 1303404 torch/distributed/tensor/_redistribute.py:347] While redistributing from (_NormPartial(2.0), _NormPartial(2.0)) to (Replicate(), Replicate()), 2 sequential all_reduce operations will be performed. This is suboptimal: multiple collective operations have higher latency (separate kernel launches and synchronization points) and may give inconsistent results between ranks due to different reduction orders. To optimize, flatten mesh dimensions ["dp_shard", "tp"] so DTensor can use a single operation instead.
[rank34]:W0630 16:49:25.709000 1315041 torch/distributed/tensor/_redistribute.py:347] While redistributing from (_NormPartial(2.0), _NormPartial(2.0)) to (Replicate(), Replicate()), 2 sequential all_reduce operations will be performed. This is suboptimal: multiple collective operations have higher latency (separate kernel launches and synchronization points) and may give inconsistent results between ranks due to different reduction orders. To optimize, flatten mesh dimensions ["dp_shard", "tp"] so DTensor can use a single operation instead.
[rank 0] INFO     [step 1] loss=11.7500 | lr=6.00e-05 | grad_norm=0.017 | tok/s=86,635 | mfu=6.5% | mem=33.5/140GB | step_time=24.21s
[rank 0] INFO     [step 2] loss=11.7500 | lr=1.20e-04 | grad_norm=0.018 | tok/s=400,283 | mfu=30.1% | mem=34.0/140GB | step_time=5.24s
[rank 0] INFO     [step 3] loss=11.7500 | lr=1.80e-04 | grad_norm=0.017 | tok/s=424,767 | mfu=31.9% | mem=34.0/140GB | step_time=4.94s
[rank 0] INFO     [step 4] loss=11.7500 | lr=2.40e-04 | grad_norm=0.019 | tok/s=423,480 | mfu=31.8% | mem=34.0/140GB | step_time=4.95s
[rank 0] INFO     [step 5] loss=11.7500 | lr=3.00e-04 | grad_norm=0.018 | tok/s=425,141 | mfu=32.0% | mem=34.0/140GB | step_time=4.93s
[rank 0] INFO     [step 6] loss=11.7500 | lr=2.99e-04 | grad_norm=0.020 | tok/s=424,171 | mfu=31.9% | mem=34.0/140GB | step_time=4.94s
[rank 0] INFO     [step 7] loss=11.7500 | lr=2.96e-04 | grad_norm=0.027 | tok/s=424,542 | mfu=31.9% | mem=34.0/140GB | step_time=4.94s
[rank 0] INFO     [step 8] loss=11.7500 | lr=2.91e-04 | grad_norm=0.051 | tok/s=427,226 | mfu=32.1% | mem=34.0/140GB | step_time=4.91s
[rank 0] INFO     [step 9] loss=11.7500 | lr=2.83e-04 | grad_norm=0.141 | tok/s=408,429 | mfu=30.7% | mem=34.0/140GB | step_time=5.13s
[rank 0] INFO     [step 10] loss=11.7500 | lr=2.74e-04 | grad_norm=0.196 | tok/s=428,808 | mfu=32.2% | mem=34.0/140GB | step_time=4.89s
[rank 0] INFO     [step 11] loss=11.7500 | lr=2.63e-04 | grad_norm=0.206 | tok/s=432,328 | mfu=32.5% | mem=34.0/140GB | step_time=4.85s
[rank 0] INFO     [step 12] loss=11.7500 | lr=2.51e-04 | grad_norm=0.228 | tok/s=432,726 | mfu=32.5% | mem=34.0/140GB | step_time=4.85s
[rank 0] INFO     [step 13] loss=11.7500 | lr=2.37e-04 | grad_norm=0.248 | tok/s=432,452 | mfu=32.5% | mem=34.0/140GB | step_time=4.85s
[rank 0] INFO     [step 14] loss=11.7500 | lr=2.22e-04 | grad_norm=0.270 | tok/s=432,347 | mfu=32.5% | mem=34.0/140GB | step_time=4.85s
[rank 0] INFO     [step 15] loss=11.7500 | lr=2.07e-04 | grad_norm=0.286 | tok/s=324,407 | mfu=24.4% | mem=34.0/140GB | step_time=6.46s
[rank 0] INFO     [step 16] loss=11.7500 | lr=1.90e-04 | grad_norm=0.303 | tok/s=316,156 | mfu=23.8% | mem=34.0/140GB | step_time=6.63s
[rank 0] INFO     [step 17] loss=11.6875 | lr=1.73e-04 | grad_norm=0.317 | tok/s=377,568 | mfu=28.4% | mem=34.0/140GB | step_time=5.55s
[rank 0] INFO     [step 18] loss=11.6875 | lr=1.57e-04 | grad_norm=0.327 | tok/s=328,819 | mfu=24.7% | mem=34.0/140GB | step_time=6.38s
[rank 0] INFO     [step 19] loss=11.6875 | lr=1.40e-04 | grad_norm=0.336 | tok/s=430,987 | mfu=32.4% | mem=34.0/140GB | step_time=4.87s
[rank 0] INFO     [step 20] loss=11.6875 | lr=1.23e-04 | grad_norm=0.344 | tok/s=426,619 | mfu=32.1% | mem=34.0/140GB | step_time=4.92s
[rank 0] INFO     [step 21] loss=11.6875 | lr=1.08e-04 | grad_norm=0.354 | tok/s=425,265 | mfu=32.0% | mem=34.0/140GB | step_time=4.93s
[rank 0] INFO     [step 22] loss=11.6875 | lr=9.27e-05 | grad_norm=0.362 | tok/s=423,306 | mfu=31.8% | mem=34.0/140GB | step_time=4.95s
[rank 0] INFO     [step 23] loss=11.6875 | lr=7.89e-05 | grad_norm=0.368 | tok/s=321,141 | mfu=24.1% | mem=34.0/140GB | step_time=6.53s
[rank 0] INFO     [step 24] loss=11.6875 | lr=6.66e-05 | grad_norm=0.375 | tok/s=431,827 | mfu=32.5% | mem=34.0/140GB | step_time=4.86s
[rank 0] INFO     [step 25] loss=11.6875 | lr=5.58e-05 | grad_norm=0.382 | tok/s=291,187 | mfu=21.9% | mem=34.0/140GB | step_time=7.20s
[rank 0] INFO     [step 26] loss=11.6875 | lr=4.67e-05 | grad_norm=0.384 | tok/s=316,134 | mfu=23.8% | mem=34.0/140GB | step_time=6.63s
[rank 0] INFO     [step 27] loss=11.6875 | lr=3.95e-05 | grad_norm=0.387 | tok/s=351,580 | mfu=26.4% | mem=34.0/140GB | step_time=5.96s
[rank 0] INFO     [step 28] loss=11.6719 | lr=3.42e-05 | grad_norm=0.395 | tok/s=428,897 | mfu=32.2% | mem=34.0/140GB | step_time=4.89s
[rank 0] INFO     [step 29] loss=11.6875 | lr=3.11e-05 | grad_norm=0.391 | tok/s=426,016 | mfu=32.0% | mem=34.0/140GB | step_time=4.92s
[rank 0] INFO     [step 30] loss=11.6875 | lr=3.00e-05 | grad_norm=0.395 | tok/s=424,671 | mfu=31.9% | mem=34.0/140GB | step_time=4.94s
[rank 0] INFO     Training complete: 30 steps, 62,914,560 tokens
