[srun-env] host=holygpu8a03102.rc.fas.harvard.edu procid=0 localid=0 ntasks=128 nnodes=32
[srun-env] host=holygpu8a03102.rc.fas.harvard.edu procid=2 localid=2 ntasks=128 nnodes=32
[srun-env] host=holygpu8a03102.rc.fas.harvard.edu procid=3 localid=3 ntasks=128 nnodes=32
[srun-env] host=holygpu8a03102.rc.fas.harvard.edu procid=1 localid=1 ntasks=128 nnodes=32
[srun-env] host=holygpu8a03601.rc.fas.harvard.edu procid=37 localid=1 ntasks=128 nnodes=32
[srun-env] host=holygpu8a03601.rc.fas.harvard.edu procid=38 localid=2 ntasks=128 nnodes=32
[srun-env] host=holygpu8a03601.rc.fas.harvard.edu procid=36 localid=0 ntasks=128 nnodes=32
[srun-env] host=holygpu8a03601.rc.fas.harvard.edu procid=39 localid=3 ntasks=128 nnodes=32
[srun-env] host=holygpu8a05303.rc.fas.harvard.edu procid=66 localid=2 ntasks=128 nnodes=32
[srun-env] host=holygpu8a05303.rc.fas.harvard.edu procid=65 localid=1 ntasks=128 nnodes=32
[srun-env] host=holygpu8a05303.rc.fas.harvard.edu procid=67 localid=3 ntasks=128 nnodes=32
[srun-env] host=holygpu8a05303.rc.fas.harvard.edu procid=64 localid=0 ntasks=128 nnodes=32
[srun-env] host=holygpu8a05602.rc.fas.harvard.edu procid=103 localid=3 ntasks=128 nnodes=32
[srun-env] host=holygpu8a05602.rc.fas.harvard.edu procid=100 localid=0 ntasks=128 nnodes=32
[srun-env] host=holygpu8a05602.rc.fas.harvard.edu procid=102 localid=2 ntasks=128 nnodes=32
[srun-env] host=holygpu8a05602.rc.fas.harvard.edu procid=101 localid=1 ntasks=128 nnodes=32
[srun-env] host=holygpu8a05503.rc.fas.harvard.edu procid=89 localid=1 ntasks=128 nnodes=32
[srun-env] host=holygpu8a05503.rc.fas.harvard.edu procid=88 localid=0 ntasks=128 nnodes=32
[srun-env] host=holygpu8a03203.rc.fas.harvard.edu procid=18 localid=2 ntasks=128 nnodes=32
[srun-env] host=holygpu8a05503.rc.fas.harvard.edu procid=91 localid=3 ntasks=128 nnodes=32
[srun-env] host=holygpu8a03203.rc.fas.harvard.edu procid=17 localid=1 ntasks=128 nnodes=32
[srun-env] host=holygpu8a03203.rc.fas.harvard.edu procid=19 localid=3 ntasks=128 nnodes=32
[srun-env] host=holygpu8a03203.rc.fas.harvard.edu procid=16 localid=0 ntasks=128 nnodes=32
[srun-env] host=holygpu8a05503.rc.fas.harvard.edu procid=90 localid=2 ntasks=128 nnodes=32
[srun-env] host=holygpu8a05202.rc.fas.harvard.edu procid=47 localid=3 ntasks=128 nnodes=32
[srun-env] host=holygpu8a05202.rc.fas.harvard.edu procid=45 localid=1 ntasks=128 nnodes=32
[srun-env] host=holygpu8a05202.rc.fas.harvard.edu procid=46 localid=2 ntasks=128 nnodes=32
[srun-env] host=holygpu8a05202.rc.fas.harvard.edu procid=44 localid=0 ntasks=128 nnodes=32
[srun-env] host=holygpu8a05302.rc.fas.harvard.edu procid=60 localid=0 ntasks=128 nnodes=32
[srun-env] host=holygpu8a05302.rc.fas.harvard.edu procid=62 localid=2 ntasks=128 nnodes=32
[srun-env] host=holygpu8a05302.rc.fas.harvard.edu procid=61 localid=1 ntasks=128 nnodes=32
[srun-env] host=holygpu8a05301.rc.fas.harvard.edu procid=59 localid=3 ntasks=128 nnodes=32
[srun-env] host=holygpu8a05301.rc.fas.harvard.edu procid=58 localid=2 ntasks=128 nnodes=32
[srun-env] host=holygpu8a05301.rc.fas.harvard.edu procid=56 localid=0 ntasks=128 nnodes=32
[srun-env] host=holygpu8a05301.rc.fas.harvard.edu procid=57 localid=1 ntasks=128 nnodes=32
[srun-env] host=holygpu8a05302.rc.fas.harvard.edu procid=63 localid=3 ntasks=128 nnodes=32
[srun-env] host=holygpu8a05402.rc.fas.harvard.edu procid=73 localid=1 ntasks=128 nnodes=32
[srun-env] host=holygpu8a05402.rc.fas.harvard.edu procid=75 localid=3 ntasks=128 nnodes=32
[srun-env] host=holygpu8a05402.rc.fas.harvard.edu procid=72 localid=0 ntasks=128 nnodes=32
[srun-env] host=holygpu8a05402.rc.fas.harvard.edu procid=74 localid=2 ntasks=128 nnodes=32
[srun-env] host=holygpu8a03501.rc.fas.harvard.edu procid=32 localid=0 ntasks=128 nnodes=32
[srun-env] host=holygpu8a05502.rc.fas.harvard.edu procid=86 localid=2 ntasks=128 nnodes=32
[srun-env] host=holygpu8a03501.rc.fas.harvard.edu procid=34 localid=2 ntasks=128 nnodes=32
[srun-env] host=holygpu8a05502.rc.fas.harvard.edu procid=85 localid=1 ntasks=128 nnodes=32
[srun-env] host=holygpu8a03501.rc.fas.harvard.edu procid=33 localid=1 ntasks=128 nnodes=32
[srun-env] host=holygpu8a05502.rc.fas.harvard.edu procid=84 localid=0 ntasks=128 nnodes=32
[srun-env] host=holygpu8a05502.rc.fas.harvard.edu procid=87 localid=3 ntasks=128 nnodes=32
[srun-env] host=holygpu8a03501.rc.fas.harvard.edu procid=35 localid=3 ntasks=128 nnodes=32
[srun-env] host=holygpu8a05601.rc.fas.harvard.edu procid=96 localid=0 ntasks=128 nnodes=32
[srun-env] host=holygpu8a05601.rc.fas.harvard.edu procid=98 localid=2 ntasks=128 nnodes=32
[srun-env] host=holygpu8a05601.rc.fas.harvard.edu procid=99 localid=3 ntasks=128 nnodes=32
[srun-env] host=holygpu8a05601.rc.fas.harvard.edu procid=97 localid=1 ntasks=128 nnodes=32
[srun-env] host=holygpu8a03604.rc.fas.harvard.edu procid=41 localid=1 ntasks=128 nnodes=32
[srun-env] host=holygpu8a03604.rc.fas.harvard.edu procid=43 localid=3 ntasks=128 nnodes=32
[srun-env] host=holygpu8a03604.rc.fas.harvard.edu procid=40 localid=0 ntasks=128 nnodes=32
[srun-env] host=holygpu8a03604.rc.fas.harvard.edu procid=42 localid=2 ntasks=128 nnodes=32
[srun-env] host=holygpu8a05404.rc.fas.harvard.edu procid=76 localid=0 ntasks=128 nnodes=32
[srun-env] host=holygpu8a05404.rc.fas.harvard.edu procid=77 localid=1 ntasks=128 nnodes=32
[srun-env] host=holygpu8a05404.rc.fas.harvard.edu procid=78 localid=2 ntasks=128 nnodes=32
[srun-env] host=holygpu8a05404.rc.fas.harvard.edu procid=79 localid=3 ntasks=128 nnodes=32
[srun-env] host=holygpu8a05401.rc.fas.harvard.edu procid=71 localid=3 ntasks=128 nnodes=32
[srun-env] host=holygpu8a05401.rc.fas.harvard.edu procid=69 localid=1 ntasks=128 nnodes=32
[srun-env] host=holygpu8a05401.rc.fas.harvard.edu procid=68 localid=0 ntasks=128 nnodes=32
[srun-env] host=holygpu8a05401.rc.fas.harvard.edu procid=70 localid=2 ntasks=128 nnodes=32
[srun-env] host=holygpu8a05204.rc.fas.harvard.edu procid=54 localid=2 ntasks=128 nnodes=32
[srun-env] host=holygpu8a05501.rc.fas.harvard.edu procid=82 localid=2 ntasks=128 nnodes=32
[srun-env] host=holygpu8a05501.rc.fas.harvard.edu procid=80 localid=0 ntasks=128 nnodes=32
[srun-env] host=holygpu8a05501.rc.fas.harvard.edu procid=81 localid=1 ntasks=128 nnodes=32
[srun-env] host=holygpu8a05501.rc.fas.harvard.edu procid=83 localid=3 ntasks=128 nnodes=32
[srun-env] host=holygpu8a05204.rc.fas.harvard.edu procid=55 localid=3 ntasks=128 nnodes=32
[srun-env] host=holygpu8a05204.rc.fas.harvard.edu procid=53 localid=1 ntasks=128 nnodes=32
[srun-env] host=holygpu8a05204.rc.fas.harvard.edu procid=52 localid=0 ntasks=128 nnodes=32
[srun-env] host=holygpu8a05203.rc.fas.harvard.edu procid=48 localid=0 ntasks=128 nnodes=32
[srun-env] host=holygpu8a05203.rc.fas.harvard.edu procid=50 localid=2 ntasks=128 nnodes=32
[srun-env] host=holygpu8a05203.rc.fas.harvard.edu procid=51 localid=3 ntasks=128 nnodes=32
[srun-env] host=holygpu8a05203.rc.fas.harvard.edu procid=49 localid=1 ntasks=128 nnodes=32
[srun-env] host=holygpu8a03304.rc.fas.harvard.edu procid=28 localid=0 ntasks=128 nnodes=32
[srun-env] host=holygpu8a03304.rc.fas.harvard.edu procid=30 localid=2 ntasks=128 nnodes=32
[srun-env] host=holygpu8a03304.rc.fas.harvard.edu procid=31 localid=3 ntasks=128 nnodes=32
[srun-env] host=holygpu8a03303.rc.fas.harvard.edu procid=25 localid=1 ntasks=128 nnodes=32
[srun-env] host=holygpu8a03304.rc.fas.harvard.edu procid=29 localid=1 ntasks=128 nnodes=32
[srun-env] host=holygpu8a03303.rc.fas.harvard.edu procid=24 localid=0 ntasks=128 nnodes=32
[srun-env] host=holygpu8a03303.rc.fas.harvard.edu procid=26 localid=2 ntasks=128 nnodes=32
[srun-env] host=holygpu8a03303.rc.fas.harvard.edu procid=27 localid=3 ntasks=128 nnodes=32
[srun-env] host=holygpu8a03204.rc.fas.harvard.edu procid=23 localid=3 ntasks=128 nnodes=32
[srun-env] host=holygpu8a05504.rc.fas.harvard.edu procid=93 localid=1 ntasks=128 nnodes=32
[srun-env] host=holygpu8a03204.rc.fas.harvard.edu procid=20 localid=0 ntasks=128 nnodes=32
[srun-env] host=holygpu8a05504.rc.fas.harvard.edu procid=95 localid=3 ntasks=128 nnodes=32
[srun-env] host=holygpu8a03204.rc.fas.harvard.edu procid=21 localid=1 ntasks=128 nnodes=32
[srun-env] host=holygpu8a05504.rc.fas.harvard.edu procid=94 localid=2 ntasks=128 nnodes=32
[srun-env] host=holygpu8a03204.rc.fas.harvard.edu procid=22 localid=2 ntasks=128 nnodes=32
[srun-env] host=holygpu8a05504.rc.fas.harvard.edu procid=92 localid=0 ntasks=128 nnodes=32
[srun-env] host=holygpu8a03103.rc.fas.harvard.edu procid=6 localid=2 ntasks=128 nnodes=32
[srun-env] host=holygpu8a03103.rc.fas.harvard.edu procid=4 localid=0 ntasks=128 nnodes=32
[srun-env] host=holygpu8a03103.rc.fas.harvard.edu procid=7 localid=3 ntasks=128 nnodes=32
[srun-env] host=holygpu8a03103.rc.fas.harvard.edu procid=5 localid=1 ntasks=128 nnodes=32
[srun-env] host=holygpu8a09104.rc.fas.harvard.edu procid=122 localid=2 ntasks=128 nnodes=32
[srun-env] host=holygpu8a09104.rc.fas.harvard.edu procid=120 localid=0 ntasks=128 nnodes=32
[srun-env] host=holygpu8a09104.rc.fas.harvard.edu procid=123 localid=3 ntasks=128 nnodes=32
[srun-env] host=holygpu8a09104.rc.fas.harvard.edu procid=121 localid=1 ntasks=128 nnodes=32
[srun-env] host=holygpu8a09103.rc.fas.harvard.edu procid=119 localid=3 ntasks=128 nnodes=32
[srun-env] host=holygpu8a09103.rc.fas.harvard.edu procid=116 localid=0 ntasks=128 nnodes=32
[srun-env] host=holygpu8a09103.rc.fas.harvard.edu procid=117 localid=1 ntasks=128 nnodes=32
[srun-env] host=holygpu8a09103.rc.fas.harvard.edu procid=118 localid=2 ntasks=128 nnodes=32
[srun-env] host=holygpu8a09201.rc.fas.harvard.edu procid=124 localid=0 ntasks=128 nnodes=32
[srun-env] host=holygpu8a09201.rc.fas.harvard.edu procid=125 localid=1 ntasks=128 nnodes=32
[srun-env] host=holygpu8a09201.rc.fas.harvard.edu procid=126 localid=2 ntasks=128 nnodes=32
[srun-env] host=holygpu8a09201.rc.fas.harvard.edu procid=127 localid=3 ntasks=128 nnodes=32
[srun-env] host=holygpu8a03202.rc.fas.harvard.edu procid=12 localid=0 ntasks=128 nnodes=32
[srun-env] host=holygpu8a03202.rc.fas.harvard.edu procid=14 localid=2 ntasks=128 nnodes=32
[srun-env] host=holygpu8a03202.rc.fas.harvard.edu procid=13 localid=1 ntasks=128 nnodes=32
[srun-env] host=holygpu8a03202.rc.fas.harvard.edu procid=15 localid=3 ntasks=128 nnodes=32
[srun-env] host=holygpu8a03201.rc.fas.harvard.edu procid=10 localid=2 ntasks=128 nnodes=32
[srun-env] host=holygpu8a03201.rc.fas.harvard.edu procid=11 localid=3 ntasks=128 nnodes=32
[srun-env] host=holygpu8a03201.rc.fas.harvard.edu procid=8 localid=0 ntasks=128 nnodes=32
[srun-env] host=holygpu8a03201.rc.fas.harvard.edu procid=9 localid=1 ntasks=128 nnodes=32
[srun-env] host=holygpu8a09102.rc.fas.harvard.edu procid=112 localid=0 ntasks=128 nnodes=32
[srun-env] host=holygpu8a09102.rc.fas.harvard.edu procid=114 localid=2 ntasks=128 nnodes=32
[srun-env] host=holygpu8a09102.rc.fas.harvard.edu procid=113 localid=1 ntasks=128 nnodes=32
[srun-env] host=holygpu8a09102.rc.fas.harvard.edu procid=115 localid=3 ntasks=128 nnodes=32
[srun-env] host=holygpu8a05604.rc.fas.harvard.edu procid=109 localid=1 ntasks=128 nnodes=32
[srun-env] host=holygpu8a05604.rc.fas.harvard.edu procid=108 localid=0 ntasks=128 nnodes=32
[srun-env] host=holygpu8a05604.rc.fas.harvard.edu procid=110 localid=2 ntasks=128 nnodes=32
[srun-env] host=holygpu8a05604.rc.fas.harvard.edu procid=111 localid=3 ntasks=128 nnodes=32
[srun-env] host=holygpu8a05603.rc.fas.harvard.edu procid=107 localid=3 ntasks=128 nnodes=32
[srun-env] host=holygpu8a05603.rc.fas.harvard.edu procid=104 localid=0 ntasks=128 nnodes=32
[srun-env] host=holygpu8a05603.rc.fas.harvard.edu procid=105 localid=1 ntasks=128 nnodes=32
[srun-env] host=holygpu8a05603.rc.fas.harvard.edu procid=106 localid=2 ntasks=128 nnodes=32
[W630 16:39:44.898854887 socket.cpp:764] [c10d] The client socket cannot be initialized to connect to [holygpu8a03102]:25114 (errno: 97 - Address family not supported by protocol).
[W630 16:39:44.915181685 socket.cpp:764] [c10d] The client socket cannot be initialized to connect to [holygpu8a03102]:25114 (errno: 97 - Address family not supported by protocol).
[W630 16:39:44.918978667 socket.cpp:764] [c10d] The client socket cannot be initialized to connect to [holygpu8a03102]:25114 (errno: 97 - Address family not supported by protocol).
[W630 16:39:44.919426562 socket.cpp:764] [c10d] The client socket cannot be initialized to connect to [holygpu8a03102]:25114 (errno: 97 - Address family not supported by protocol).
[W630 16:39:44.669421452 socket.cpp:764] [c10d] The client socket cannot be initialized to connect to [holygpu8a03102]:25114 (errno: 97 - Address family not supported by protocol).
[W630 16:39:44.515069307 socket.cpp:764] [c10d] The client socket cannot be initialized to connect to [holygpu8a03102]:25114 (errno: 97 - Address family not supported by protocol).
[W630 16:39:44.694725675 socket.cpp:764] [c10d] The client socket cannot be initialized to connect to [holygpu8a03102]:25114 (errno: 97 - Address family not supported by protocol).
[W630 16:39:44.700907765 socket.cpp:764] [c10d] The client socket cannot be initialized to connect to [holygpu8a03102]:25114 (errno: 97 - Address family not supported by protocol).
[W630 16:39:44.701949644 socket.cpp:764] [c10d] The client socket cannot be initialized to connect to [holygpu8a03102]:25114 (errno: 97 - Address family not supported by protocol).
[W630 16:39:44.547591023 socket.cpp:764] [c10d] The client socket cannot be initialized to connect to [holygpu8a03102]:25114 (errno: 97 - Address family not supported by protocol).
[W630 16:39:44.548783207 socket.cpp:764] [c10d] The client socket cannot be initialized to connect to [holygpu8a03102]:25114 (errno: 97 - Address family not supported by protocol).
[W630 16:39:44.550714910 socket.cpp:764] [c10d] The client socket cannot be initialized to connect to [holygpu8a03102]:25114 (errno: 97 - Address family not supported by protocol).
[W630 16:39:44.152438327 socket.cpp:764] [c10d] The client socket cannot be initialized to connect to [holygpu8a03102]:25114 (errno: 97 - Address family not supported by protocol).
[W630 16:39:44.197759649 socket.cpp:764] [c10d] The client socket cannot be initialized to connect to [holygpu8a03102]:25114 (errno: 97 - Address family not supported by protocol).
[W630 16:39:44.202984912 socket.cpp:764] [c10d] The client socket cannot be initialized to connect to [holygpu8a03102]:25114 (errno: 97 - Address family not supported by protocol).
[W630 16:39:44.204293100 socket.cpp:764] [c10d] The client socket cannot be initialized to connect to [holygpu8a03102]:25114 (errno: 97 - Address family not supported by protocol).
[W630 16:39:44.724434731 socket.cpp:764] [c10d] The client socket cannot be initialized to connect to [holygpu8a03102]:25114 (errno: 97 - Address family not supported by protocol).
[W630 16:39:45.235673346 socket.cpp:764] [c10d] The client socket cannot be initialized to connect to [holygpu8a03102]:25114 (errno: 97 - Address family not supported by protocol).
[W630 16:39:45.752619047 socket.cpp:764] [c10d] The client socket cannot be initialized to connect to [holygpu8a03102]:25114 (errno: 97 - Address family not supported by protocol).
[W630 16:39:45.768640904 socket.cpp:764] [c10d] The client socket cannot be initialized to connect to [holygpu8a03102]:25114 (errno: 97 - Address family not supported by protocol).
[W630 16:39:45.768873923 socket.cpp:764] [c10d] The client socket cannot be initialized to connect to [holygpu8a03102]:25114 (errno: 97 - Address family not supported by protocol).
[W630 16:39:45.259687204 socket.cpp:764] [c10d] The client socket cannot be initialized to connect to [holygpu8a03102]:25114 (errno: 97 - Address family not supported by protocol).
[W630 16:39:45.282086278 socket.cpp:764] [c10d] The client socket cannot be initialized to connect to [holygpu8a03102]:25114 (errno: 97 - Address family not supported by protocol).
[W630 16:39:45.288762326 socket.cpp:764] [c10d] The client socket cannot be initialized to connect to [holygpu8a03102]:25114 (errno: 97 - Address family not supported by protocol).
[W630 16:39:45.359274919 socket.cpp:764] [c10d] The client socket cannot be initialized to connect to [holygpu8a03102]:25114 (errno: 97 - Address family not supported by protocol).
[W630 16:39:45.385945378 socket.cpp:764] [c10d] The client socket cannot be initialized to connect to [holygpu8a03102]:25114 (errno: 97 - Address family not supported by protocol).
[W630 16:39:45.398443018 socket.cpp:764] [c10d] The client socket cannot be initialized to connect to [holygpu8a03102]:25114 (errno: 97 - Address family not supported by protocol).
[W630 16:39:45.399736872 socket.cpp:764] [c10d] The client socket cannot be initialized to connect to [holygpu8a03102]:25114 (errno: 97 - Address family not supported by protocol).
[W630 16:39:45.586201601 socket.cpp:764] [c10d] The client socket cannot be initialized to connect to [holygpu8a03102]:25114 (errno: 97 - Address family not supported by protocol).
[W630 16:39:45.627660101 socket.cpp:764] [c10d] The client socket cannot be initialized to connect to [holygpu8a03102]:25114 (errno: 97 - Address family not supported by protocol).
[W630 16:39:45.633532214 socket.cpp:764] [c10d] The client socket cannot be initialized to connect to [holygpu8a03102]:25114 (errno: 97 - Address family not supported by protocol).
[W630 16:39:45.635222598 socket.cpp:764] [c10d] The client socket cannot be initialized to connect to [holygpu8a03102]:25114 (errno: 97 - Address family not supported by protocol).
[W630 16:39:45.519929664 socket.cpp:764] [c10d] The client socket cannot be initialized to connect to [holygpu8a03102]:25114 (errno: 97 - Address family not supported by protocol).
[W630 16:39:45.545102523 socket.cpp:764] [c10d] The client socket cannot be initialized to connect to [holygpu8a03102]:25114 (errno: 97 - Address family not supported by protocol).
[W630 16:39:45.967786775 socket.cpp:764] [c10d] The client socket cannot be initialized to connect to [holygpu8a03102]:25114 (errno: 97 - Address family not supported by protocol).
[W630 16:39:45.560368245 socket.cpp:764] [c10d] The client socket cannot be initialized to connect to [holygpu8a03102]:25114 (errno: 97 - Address family not supported by protocol).
[W630 16:39:45.561730888 socket.cpp:764] [c10d] The client socket cannot be initialized to connect to [holygpu8a03102]:25114 (errno: 97 - Address family not supported by protocol).
[W630 16:39:45.997057332 socket.cpp:764] [c10d] The client socket cannot be initialized to connect to [holygpu8a03102]:25114 (errno: 97 - Address family not supported by protocol).
[W630 16:39:45.008086476 socket.cpp:764] [c10d] The client socket cannot be initialized to connect to [holygpu8a03102]:25114 (errno: 97 - Address family not supported by protocol).
[W630 16:39:45.013601397 socket.cpp:764] [c10d] The client socket cannot be initialized to connect to [holygpu8a03102]:25114 (errno: 97 - Address family not supported by protocol).
[W630 16:39:45.235249205 socket.cpp:764] [c10d] The client socket cannot be initialized to connect to [holygpu8a03102]:25114 (errno: 97 - Address family not supported by protocol).
[W630 16:39:45.260480990 socket.cpp:764] [c10d] The client socket cannot be initialized to connect to [holygpu8a03102]:25114 (errno: 97 - Address family not supported by protocol).
[W630 16:39:45.281427763 socket.cpp:764] [c10d] The client socket cannot be initialized to connect to [holygpu8a03102]:25114 (errno: 97 - Address family not supported by protocol).
[W630 16:39:45.282483974 socket.cpp:764] [c10d] The client socket cannot be initialized to connect to [holygpu8a03102]:25114 (errno: 97 - Address family not supported by protocol).
[W630 16:39:45.820704495 socket.cpp:764] [c10d] The client socket cannot be initialized to connect to [holygpu8a03102]:25114 (errno: 97 - Address family not supported by protocol).
[W630 16:39:45.431079867 socket.cpp:764] [c10d] The client socket cannot be initialized to connect to [holygpu8a03102]:25114 (errno: 97 - Address family not supported by protocol).
[W630 16:39:45.861251887 socket.cpp:764] [c10d] The client socket cannot be initialized to connect to [holygpu8a03102]:25114 (errno: 97 - Address family not supported by protocol).
[W630 16:39:45.472029817 socket.cpp:764] [c10d] The client socket cannot be initialized to connect to [holygpu8a03102]:25114 (errno: 97 - Address family not supported by protocol).
[W630 16:39:45.473018495 socket.cpp:764] [c10d] The client socket cannot be initialized to connect to [holygpu8a03102]:25114 (errno: 97 - Address family not supported by protocol).
[W630 16:39:45.474663384 socket.cpp:764] [c10d] The client socket cannot be initialized to connect to [holygpu8a03102]:25114 (errno: 97 - Address family not supported by protocol).
[W630 16:39:45.870118833 socket.cpp:764] [c10d] The client socket cannot be initialized to connect to [holygpu8a03102]:25114 (errno: 97 - Address family not supported by protocol).
[W630 16:39:45.870684307 socket.cpp:764] [c10d] The client socket cannot be initialized to connect to [holygpu8a03102]:25114 (errno: 97 - Address family not supported by protocol).
[W630 16:39:45.096082049 socket.cpp:764] [c10d] The client socket cannot be initialized to connect to [holygpu8a03102]:25114 (errno: 97 - Address family not supported by protocol).
[W630 16:39:45.119338606 socket.cpp:764] [c10d] The client socket cannot be initialized to connect to [holygpu8a03102]:25114 (errno: 97 - Address family not supported by protocol).
[W630 16:39:45.141822087 socket.cpp:764] [c10d] The client socket cannot be initialized to connect to [holygpu8a03102]:25114 (errno: 97 - Address family not supported by protocol).
[W630 16:39:45.146431882 socket.cpp:764] [c10d] The client socket cannot be initialized to connect to [holygpu8a03102]:25114 (errno: 97 - Address family not supported by protocol).
[W630 16:39:46.800986620 socket.cpp:764] [c10d] The client socket cannot be initialized to connect to [holygpu8a03102]:25114 (errno: 97 - Address family not supported by protocol).
[W630 16:39:46.770035562 socket.cpp:764] [c10d] The client socket cannot be initialized to connect to [holygpu8a03102]:25114 (errno: 97 - Address family not supported by protocol).
[W630 16:39:46.827642402 socket.cpp:764] [c10d] The client socket cannot be initialized to connect to [holygpu8a03102]:25114 (errno: 97 - Address family not supported by protocol).
[W630 16:39:46.790900049 socket.cpp:764] [c10d] The client socket cannot be initialized to connect to [holygpu8a03102]:25114 (errno: 97 - Address family not supported by protocol).
[W630 16:39:46.848878306 socket.cpp:764] [c10d] The client socket cannot be initialized to connect to [holygpu8a03102]:25114 (errno: 97 - Address family not supported by protocol).
[W630 16:39:46.849665849 socket.cpp:764] [c10d] The client socket cannot be initialized to connect to [holygpu8a03102]:25114 (errno: 97 - Address family not supported by protocol).
[W630 16:39:46.815621897 socket.cpp:764] [c10d] The client socket cannot be initialized to connect to [holygpu8a03102]:25114 (errno: 97 - Address family not supported by protocol).
[W630 16:39:46.816540169 socket.cpp:764] [c10d] The client socket cannot be initialized to connect to [holygpu8a03102]:25114 (errno: 97 - Address family not supported by protocol).
[W630 16:39:46.977859526 socket.cpp:764] [c10d] The client socket cannot be initialized to connect to [holygpu8a03102]:25114 (errno: 97 - Address family not supported by protocol).
[W630 16:39:46.015861680 socket.cpp:764] [c10d] The client socket cannot be initialized to connect to [holygpu8a03102]:25114 (errno: 97 - Address family not supported by protocol).
[W630 16:39:46.019947766 socket.cpp:764] [c10d] The client socket cannot be initialized to connect to [holygpu8a03102]:25114 (errno: 97 - Address family not supported by protocol).
[W630 16:39:46.023794135 socket.cpp:764] [c10d] The client socket cannot be initialized to connect to [holygpu8a03102]:25114 (errno: 97 - Address family not supported by protocol).
[W630 16:39:46.406727405 socket.cpp:764] [c10d] The client socket cannot be initialized to connect to [holygpu8a03102]:25114 (errno: 97 - Address family not supported by protocol).
[W630 16:39:46.436835680 socket.cpp:764] [c10d] The client socket cannot be initialized to connect to [holygpu8a03102]:25114 (errno: 97 - Address family not supported by protocol).
[W630 16:39:46.442301881 socket.cpp:764] [c10d] The client socket cannot be initialized to connect to [holygpu8a03102]:25114 (errno: 97 - Address family not supported by protocol).
[W630 16:39:46.443961025 socket.cpp:764] [c10d] The client socket cannot be initialized to connect to [holygpu8a03102]:25114 (errno: 97 - Address family not supported by protocol).
[W630 16:39:46.644542959 socket.cpp:764] [c10d] The client socket cannot be initialized to connect to [holygpu8a03102]:25114 (errno: 97 - Address family not supported by protocol).
[W630 16:39:46.660064897 socket.cpp:764] [c10d] The client socket cannot be initialized to connect to [holygpu8a03102]:25114 (errno: 97 - Address family not supported by protocol).
[W630 16:39:46.669019329 socket.cpp:764] [c10d] The client socket cannot be initialized to connect to [holygpu8a03102]:25114 (errno: 97 - Address family not supported by protocol).
[W630 16:39:46.669149208 socket.cpp:764] [c10d] The client socket cannot be initialized to connect to [holygpu8a03102]:25114 (errno: 97 - Address family not supported by protocol).
[W630 16:39:47.167375925 socket.cpp:764] [c10d] The client socket cannot be initialized to connect to [holygpu8a03102]:25114 (errno: 97 - Address family not supported by protocol).
[W630 16:39:47.200574837 socket.cpp:764] [c10d] The client socket cannot be initialized to connect to [holygpu8a03102]:25114 (errno: 97 - Address family not supported by protocol).
[W630 16:39:47.205245057 socket.cpp:764] [c10d] The client socket cannot be initialized to connect to [holygpu8a03102]:25114 (errno: 97 - Address family not supported by protocol).
[W630 16:39:47.206262933 socket.cpp:764] [c10d] The client socket cannot be initialized to connect to [holygpu8a03102]:25114 (errno: 97 - Address family not supported by protocol).
[W630 16:39:47.050950553 socket.cpp:764] [c10d] The client socket cannot be initialized to connect to [holygpu8a03102]:25114 (errno: 97 - Address family not supported by protocol).
[W630 16:39:47.073375955 socket.cpp:764] [c10d] The client socket cannot be initialized to connect to [holygpu8a03102]:25114 (errno: 97 - Address family not supported by protocol).
[W630 16:39:47.082333131 socket.cpp:764] [c10d] The client socket cannot be initialized to connect to [holygpu8a03102]:25114 (errno: 97 - Address family not supported by protocol).
[W630 16:39:47.083027594 socket.cpp:764] [c10d] The client socket cannot be initialized to connect to [holygpu8a03102]:25114 (errno: 97 - Address family not supported by protocol).
[W630 16:39:47.371467802 socket.cpp:764] [c10d] The client socket cannot be initialized to connect to [holygpu8a03102]:25114 (errno: 97 - Address family not supported by protocol).
[W630 16:39:47.383096449 socket.cpp:764] [c10d] The client socket cannot be initialized to connect to [holygpu8a03102]:25114 (errno: 97 - Address family not supported by protocol).
[W630 16:39:47.389352909 socket.cpp:764] [c10d] The client socket cannot be initialized to connect to [holygpu8a03102]:25114 (errno: 97 - Address family not supported by protocol).
[W630 16:39:47.390998908 socket.cpp:764] [c10d] The client socket cannot be initialized to connect to [holygpu8a03102]:25114 (errno: 97 - Address family not supported by protocol).
[W630 16:39:47.020167573 socket.cpp:764] [c10d] The client socket cannot be initialized to connect to [holygpu8a03102]:25114 (errno: 97 - Address family not supported by protocol).
[W630 16:39:47.023267133 socket.cpp:764] [c10d] The client socket cannot be initialized to connect to [holygpu8a03102]:25114 (errno: 97 - Address family not supported by protocol).
[W630 16:39:47.023681089 socket.cpp:764] [c10d] The client socket cannot be initialized to connect to [holygpu8a03102]:25114 (errno: 97 - Address family not supported by protocol).
[W630 16:39:47.029606003 socket.cpp:764] [c10d] The client socket cannot be initialized to connect to [holygpu8a03102]:25114 (errno: 97 - Address family not supported by protocol).
[W630 16:39:48.275135672 socket.cpp:764] [c10d] The client socket cannot be initialized to connect to [holygpu8a03102]:25114 (errno: 97 - Address family not supported by protocol).
[W630 16:39:48.304929952 socket.cpp:764] [c10d] The client socket cannot be initialized to connect to [holygpu8a03102]:25114 (errno: 97 - Address family not supported by protocol).
[W630 16:39:48.319549573 socket.cpp:764] [c10d] The client socket cannot be initialized to connect to [holygpu8a03102]:25114 (errno: 97 - Address family not supported by protocol).
[W630 16:39:48.322148782 socket.cpp:764] [c10d] The client socket cannot be initialized to connect to [holygpu8a03102]:25114 (errno: 97 - Address family not supported by protocol).
[W630 16:39:48.752533111 socket.cpp:764] [c10d] The client socket cannot be initialized to connect to [holygpu8a03102]:25114 (errno: 97 - Address family not supported by protocol).
[W630 16:39:48.778801520 socket.cpp:764] [c10d] The client socket cannot be initialized to connect to [holygpu8a03102]:25114 (errno: 97 - Address family not supported by protocol).
[W630 16:39:48.799290486 socket.cpp:764] [c10d] The client socket cannot be initialized to connect to [holygpu8a03102]:25114 (errno: 97 - Address family not supported by protocol).
[W630 16:39:48.800561333 socket.cpp:764] [c10d] The client socket cannot be initialized to connect to [holygpu8a03102]:25114 (errno: 97 - Address family not supported by protocol).
[W630 16:39:49.690540151 socket.cpp:764] [c10d] The client socket cannot be initialized to connect to [holygpu8a03102]:25114 (errno: 97 - Address family not supported by protocol).
[W630 16:39:49.729383073 socket.cpp:764] [c10d] The client socket cannot be initialized to connect to [holygpu8a03102]:25114 (errno: 97 - Address family not supported by protocol).
[W630 16:39:49.733116614 socket.cpp:764] [c10d] The client socket cannot be initialized to connect to [holygpu8a03102]:25114 (errno: 97 - Address family not supported by protocol).
[W630 16:39:49.737641233 socket.cpp:764] [c10d] The client socket cannot be initialized to connect to [holygpu8a03102]:25114 (errno: 97 - Address family not supported by protocol).
[W630 16:39:49.435277092 socket.cpp:764] [c10d] The client socket cannot be initialized to connect to [holygpu8a03102]:25114 (errno: 97 - Address family not supported by protocol).
[W630 16:39:49.467299294 socket.cpp:764] [c10d] The client socket cannot be initialized to connect to [holygpu8a03102]:25114 (errno: 97 - Address family not supported by protocol).
[W630 16:39:49.475919795 socket.cpp:764] [c10d] The client socket cannot be initialized to connect to [holygpu8a03102]:25114 (errno: 97 - Address family not supported by protocol).
[W630 16:39:49.475935625 socket.cpp:764] [c10d] The client socket cannot be initialized to connect to [holygpu8a03102]:25114 (errno: 97 - Address family not supported by protocol).
[W630 16:39:50.632788527 socket.cpp:764] [c10d] The client socket cannot be initialized to connect to [holygpu8a03102]:25114 (errno: 97 - Address family not supported by protocol).
[W630 16:39:50.671861355 socket.cpp:764] [c10d] The client socket cannot be initialized to connect to [holygpu8a03102]:25114 (errno: 97 - Address family not supported by protocol).
[W630 16:39:50.675156473 socket.cpp:764] [c10d] The client socket cannot be initialized to connect to [holygpu8a03102]:25114 (errno: 97 - Address family not supported by protocol).
[W630 16:39:50.675921927 socket.cpp:764] [c10d] The client socket cannot be initialized to connect to [holygpu8a03102]:25114 (errno: 97 - Address family not supported by protocol).
[W630 16:39:50.985650465 socket.cpp:764] [c10d] The client socket cannot be initialized to connect to [holygpu8a03102]:25114 (errno: 97 - Address family not supported by protocol).
[W630 16:39:50.000777500 socket.cpp:764] [c10d] The client socket cannot be initialized to connect to [holygpu8a03102]:25114 (errno: 97 - Address family not supported by protocol).
[W630 16:39:50.023740697 socket.cpp:764] [c10d] The client socket cannot be initialized to connect to [holygpu8a03102]:25114 (errno: 97 - Address family not supported by protocol).
[W630 16:39:50.027682581 socket.cpp:764] [c10d] The client socket cannot be initialized to connect to [holygpu8a03102]:25114 (errno: 97 - Address family not supported by protocol).
[W630 16:39:50.032256992 socket.cpp:764] [c10d] The client socket cannot be initialized to connect to [holygpu8a03102]:25114 (errno: 97 - Address family not supported by protocol).
[W630 16:39:50.038605151 socket.cpp:764] [c10d] The client socket cannot be initialized to connect to [holygpu8a03102]:25114 (errno: 97 - Address family not supported by protocol).
[W630 16:39:50.044264381 socket.cpp:764] [c10d] The client socket cannot be initialized to connect to [holygpu8a03102]:25114 (errno: 97 - Address family not supported by protocol).
[W630 16:39:50.045552695 socket.cpp:764] [c10d] The client socket cannot be initialized to connect to [holygpu8a03102]:25114 (errno: 97 - Address family not supported by protocol).
[W630 16:39:50.107394741 socket.cpp:764] [c10d] The client socket cannot be initialized to connect to [holygpu8a03102]:25114 (errno: 97 - Address family not supported by protocol).
[W630 16:39:50.126638877 socket.cpp:764] [c10d] The client socket cannot be initialized to connect to [holygpu8a03102]:25114 (errno: 97 - Address family not supported by protocol).
[W630 16:39:50.128974106 socket.cpp:764] [c10d] The client socket cannot be initialized to connect to [holygpu8a03102]:25114 (errno: 97 - Address family not supported by protocol).
[W630 16:39:50.133606837 socket.cpp:764] [c10d] The client socket cannot be initialized to connect to [holygpu8a03102]:25114 (errno: 97 - Address family not supported by protocol).
[W630 16:39:52.122801110 socket.cpp:764] [c10d] The client socket cannot be initialized to connect to [holygpu8a03102]:25114 (errno: 97 - Address family not supported by protocol).
[W630 16:39:52.149065047 socket.cpp:764] [c10d] The client socket cannot be initialized to connect to [holygpu8a03102]:25114 (errno: 97 - Address family not supported by protocol).
[W630 16:39:52.156187556 socket.cpp:764] [c10d] The client socket cannot be initialized to connect to [holygpu8a03102]:25114 (errno: 97 - Address family not supported by protocol).
[W630 16:39:52.156938588 socket.cpp:764] [c10d] The client socket cannot be initialized to connect to [holygpu8a03102]:25114 (errno: 97 - Address family not supported by protocol).
[rank 0] INFO     DeviceMesh: dims=['dp_shard', 'tp'], sizes=[32, 4], world_size=128
[rank 0] INFO     SLURM job: id=26394651, name=kf-70b_128gpu_tp4_fsdp32, nodes=32, tasks/node=4, partition=kempner_h200, restart_count=0
[rank 0] INFO     Training config: JobConfig(model=ModelConfig(dim=8192, n_layers=80, n_heads=64, n_kv_heads=8, vocab_size=128256, ffn_dim_multiplier=1.0, ffn_hidden_dim=28672, norm_type=<NormType.rmsnorm: 'rmsnorm'>, norm_eps=1e-05, activation=<Activation.silu: 'silu'>, max_seq_len=4096, rope_theta=500000.0, tie_embeddings=False, qk_norm=False, init_std=0.02, model_type='transformer', sdpa_backend='auto', num_experts=0, moe_top_k=2, moe_frequency=1, moe_router='softmax_topk', moe_shared_experts=0, moe_aux_loss_weight=0.01, moe_capacity_factor=0.0, moe_sequence_aux_loss_weight=0.0, moe_gradient_scale=False, moe_bias_schedule='constant', moe_packed_experts=False, moe_expert_ffn_multiplier=1.0, moe_router_z_loss_weight=0.0), train=TrainConfig(batch_size=2, seq_len=4096, max_steps=30, grad_accum_steps=4, grad_clip_norm=1.0, seed=42, data_seed=None, compile_model=True, mixed_precision='bf16', activation_checkpointing=<ActivationCheckpointing.full: 'full'>, loss_fn='cross_entropy', z_loss_weight=0.0, ce_chunk_size=0, shutdown_timeout_sec=600.0, nccl_health_check_interval=0), optimizer=OptimizerConfig(name='adamw', lr=0.0003, weight_decay=0.1, betas=(0.9, 0.95), eps=1e-08, fused=True, muon_momentum=0.95, muon_ns_steps=5, muon_adam_lr=None, schedule_free_warmup_steps=0), scheduler=SchedulerConfig(name=<SchedulerType.cosine: 'cosine'>, warmup_steps=5, decay_steps=None, min_lr_ratio=0.1, stable_steps=None, wsd_decay_type='cosine', rex_alpha=1.0), data=DataConfig(dataset_path='/n/holylfs06/LABS/kempner_shared/Everyone/testbed/text/fineweb-edu/tokenized/meta-llama-3/default', file_pattern='tokenized_*.bin', tokenizer_path='', num_workers=2, pin_memory=True, prefetch_factor=2, hf_dataset_name=None, hf_dataset_config=None, hf_dataset_split='train', hf_dataset_text_field='text', hf_dataset_image_field='image', hf_dataset_prompt_field='', hf_image_size=224, hf_streaming=False, pack_sequences=False, datasets=[], mix_temperature=1.0, phases=[], anneal_start_step=0, anneal_weights={}), eval=EvalConfig(enabled=False, interval=1000, steps=50, dataset_path='', file_pattern='*.npy', hf_dataset_name=None, hf_dataset_config=None, hf_dataset_split='validation'), distributed=DistributedConfig(dp_shard=32, dp_replicate=1, tp=4, pp=1, pp_schedule=<PipelineSchedule.schedule_1f1b: '1f1b'>, cp=1, ep=1, nccl_timeout_sec=1800, backend='cpu:gloo,cuda:nccl'), checkpoint=CheckpointConfig(dir='/n/netscratch/kempner_dev/nkhoshnevis/kempnerforge-scratch/tmp/mfu_ckpt_26394651', interval=99999, dyn_ckpt_window=None, async_mode=<AsyncCheckpointMode.disabled: 'disabled'>, keep_last_n=2, load_path=None, export_dtype='bfloat16', exclude_from_loading=[], ignore_freeze_mismatch=False), metrics=MetricsConfig(log_interval=1, enable_wandb=False, enable_tensorboard=False, wandb_project='kempnerforge', wandb_run_name=None, wandb_run_id='', tensorboard_dir='tb_logs'), profiling=ProfilingConfig(enable=False, start_step=5, end_step=8, trace_dir='profiler_traces'), vision_encoder=None, adapter=None, vlm=None, video=None)
[rank 0] INFO     Shutdown handler registered (SIGTERM, SIGUSR1)
[rank 0] INFO     Applied tensor parallelism: tp_degree=4, layers=80, sequence_parallel=True
[rank 0] INFO     Applied full activation checkpointing (per TransformerBlock)
[rank 0] INFO     Applied FSDP2: dp_mesh=('dp_shard',), blocks=80, mp=MixedPrecisionPolicy(param_dtype=torch.bfloat16, reduce_dtype=torch.float32, output_dtype=None, cast_forward_inputs=True)
[rank 0] INFO     Compiling model with torch.compile...
[rank 0] INFO     Model: 70,553,706,496 parameters
[rank 0] INFO     Optimizer groups: 70,552,387,584 params with decay, 1,318,912 params without decay
[rank 0] INFO     Detected GPU: NVIDIA H200 → 989.0 bf16 TFLOPS
[rank 0] INFO     MemoryMappedDataset: 465 files, 499,289,948,160 tokens, 121,867,200 samples (seq_len=4097)
[rank 0] INFO     StatefulDataLoader: batch_size=2, workers=2, pin_memory=True
[rank 0] INFO     Dataset: 121,867,200 samples from /n/holylfs06/LABS/kempner_shared/Everyone/testbed/text/fineweb-edu/tokenized/meta-llama-3/default
[rank 0] INFO     Starting training: step=0, max_steps=30, batch_size=2, grad_accum=4, world_size=128
[rank111]:W0630 16:40:44.488000 1251216 torch/distributed/tensor/_redistribute.py:347] While redistributing from (_NormPartial(2.0), _NormPartial(2.0)) to (Replicate(), Replicate()), 2 sequential all_reduce operations will be performed. This is suboptimal: multiple collective operations have higher latency (separate kernel launches and synchronization points) and may give inconsistent results between ranks due to different reduction orders. To optimize, flatten mesh dimensions ["dp_shard", "tp"] so DTensor can use a single operation instead.
[rank107]:W0630 16:40:44.489000 1326983 torch/distributed/tensor/_redistribute.py:347] While redistributing from (_NormPartial(2.0), _NormPartial(2.0)) to (Replicate(), Replicate()), 2 sequential all_reduce operations will be performed. This is suboptimal: multiple collective operations have higher latency (separate kernel launches and synchronization points) and may give inconsistent results between ranks due to different reduction orders. To optimize, flatten mesh dimensions ["dp_shard", "tp"] so DTensor can use a single operation instead.
[rank27]:W0630 16:40:44.489000 1275306 torch/distributed/tensor/_redistribute.py:347] While redistributing from (_NormPartial(2.0), _NormPartial(2.0)) to (Replicate(), Replicate()), 2 sequential all_reduce operations will be performed. This is suboptimal: multiple collective operations have higher latency (separate kernel launches and synchronization points) and may give inconsistent results between ranks due to different reduction orders. To optimize, flatten mesh dimensions ["dp_shard", "tp"] so DTensor can use a single operation instead.
[rank75]:W0630 16:40:44.490000 1235080 torch/distributed/tensor/_redistribute.py:347] While redistributing from (_NormPartial(2.0), _NormPartial(2.0)) to (Replicate(), Replicate()), 2 sequential all_reduce operations will be performed. This is suboptimal: multiple collective operations have higher latency (separate kernel launches and synchronization points) and may give inconsistent results between ranks due to different reduction orders. To optimize, flatten mesh dimensions ["dp_shard", "tp"] so DTensor can use a single operation instead.
[rank115]:W0630 16:40:44.490000 1241892 torch/distributed/tensor/_redistribute.py:347] While redistributing from (_NormPartial(2.0), _NormPartial(2.0)) to (Replicate(), Replicate()), 2 sequential all_reduce operations will be performed. This is suboptimal: multiple collective operations have higher latency (separate kernel launches and synchronization points) and may give inconsistent results between ranks due to different reduction orders. To optimize, flatten mesh dimensions ["dp_shard", "tp"] so DTensor can use a single operation instead.
[rank127]:W0630 16:40:44.490000 1241465 torch/distributed/tensor/_redistribute.py:347] While redistributing from (_NormPartial(2.0), _NormPartial(2.0)) to (Replicate(), Replicate()), 2 sequential all_reduce operations will be performed. This is suboptimal: multiple collective operations have higher latency (separate kernel launches and synchronization points) and may give inconsistent results between ranks due to different reduction orders. To optimize, flatten mesh dimensions ["dp_shard", "tp"] so DTensor can use a single operation instead.
[rank119]:W0630 16:40:44.490000 1311012 torch/distributed/tensor/_redistribute.py:347] While redistributing from (_NormPartial(2.0), _NormPartial(2.0)) to (Replicate(), Replicate()), 2 sequential all_reduce operations will be performed. This is suboptimal: multiple collective operations have higher latency (separate kernel launches and synchronization points) and may give inconsistent results between ranks due to different reduction orders. To optimize, flatten mesh dimensions ["dp_shard", "tp"] so DTensor can use a single operation instead.
[rank39]:W0630 16:40:44.490000 1325300 torch/distributed/tensor/_redistribute.py:347] While redistributing from (_NormPartial(2.0), _NormPartial(2.0)) to (Replicate(), Replicate()), 2 sequential all_reduce operations will be performed. This is suboptimal: multiple collective operations have higher latency (separate kernel launches and synchronization points) and may give inconsistent results between ranks due to different reduction orders. To optimize, flatten mesh dimensions ["dp_shard", "tp"] so DTensor can use a single operation instead.
[rank11]:W0630 16:40:44.490000 1314427 torch/distributed/tensor/_redistribute.py:347] While redistributing from (_NormPartial(2.0), _NormPartial(2.0)) to (Replicate(), Replicate()), 2 sequential all_reduce operations will be performed. This is suboptimal: multiple collective operations have higher latency (separate kernel launches and synchronization points) and may give inconsistent results between ranks due to different reduction orders. To optimize, flatten mesh dimensions ["dp_shard", "tp"] so DTensor can use a single operation instead.
[rank67]:W0630 16:40:44.490000 1242135 torch/distributed/tensor/_redistribute.py:347] While redistributing from (_NormPartial(2.0), _NormPartial(2.0)) to (Replicate(), Replicate()), 2 sequential all_reduce operations will be performed. This is suboptimal: multiple collective operations have higher latency (separate kernel launches and synchronization points) and may give inconsistent results between ranks due to different reduction orders. To optimize, flatten mesh dimensions ["dp_shard", "tp"] so DTensor can use a single operation instead.
[rank91]:W0630 16:40:44.490000 1313508 torch/distributed/tensor/_redistribute.py:347] While redistributing from (_NormPartial(2.0), _NormPartial(2.0)) to (Replicate(), Replicate()), 2 sequential all_reduce operations will be performed. This is suboptimal: multiple collective operations have higher latency (separate kernel launches and synchronization points) and may give inconsistent results between ranks due to different reduction orders. To optimize, flatten mesh dimensions ["dp_shard", "tp"] so DTensor can use a single operation instead.
[rank95]:W0630 16:40:44.490000 1310734 torch/distributed/tensor/_redistribute.py:347] While redistributing from (_NormPartial(2.0), _NormPartial(2.0)) to (Replicate(), Replicate()), 2 sequential all_reduce operations will be performed. This is suboptimal: multiple collective operations have higher latency (separate kernel launches and synchronization points) and may give inconsistent results between ranks due to different reduction orders. To optimize, flatten mesh dimensions ["dp_shard", "tp"] so DTensor can use a single operation instead.
[rank103]:W0630 16:40:44.491000 1261468 torch/distributed/tensor/_redistribute.py:347] While redistributing from (_NormPartial(2.0), _NormPartial(2.0)) to (Replicate(), Replicate()), 2 sequential all_reduce operations will be performed. This is suboptimal: multiple collective operations have higher latency (separate kernel launches and synchronization points) and may give inconsistent results between ranks due to different reduction orders. To optimize, flatten mesh dimensions ["dp_shard", "tp"] so DTensor can use a single operation instead.
[rank99]:W0630 16:40:44.491000 1306388 torch/distributed/tensor/_redistribute.py:347] While redistributing from (_NormPartial(2.0), _NormPartial(2.0)) to (Replicate(), Replicate()), 2 sequential all_reduce operations will be performed. This is suboptimal: multiple collective operations have higher latency (separate kernel launches and synchronization points) and may give inconsistent results between ranks due to different reduction orders. To optimize, flatten mesh dimensions ["dp_shard", "tp"] so DTensor can use a single operation instead.
[rank59]:W0630 16:40:44.491000 1348806 torch/distributed/tensor/_redistribute.py:347] While redistributing from (_NormPartial(2.0), _NormPartial(2.0)) to (Replicate(), Replicate()), 2 sequential all_reduce operations will be performed. This is suboptimal: multiple collective operations have higher latency (separate kernel launches and synchronization points) and may give inconsistent results between ranks due to different reduction orders. To optimize, flatten mesh dimensions ["dp_shard", "tp"] so DTensor can use a single operation instead.
[rank83]:W0630 16:40:44.491000 1303824 torch/distributed/tensor/_redistribute.py:347] While redistributing from (_NormPartial(2.0), _NormPartial(2.0)) to (Replicate(), Replicate()), 2 sequential all_reduce operations will be performed. This is suboptimal: multiple collective operations have higher latency (separate kernel launches and synchronization points) and may give inconsistent results between ranks due to different reduction orders. To optimize, flatten mesh dimensions ["dp_shard", "tp"] so DTensor can use a single operation instead.
[rank47]:W0630 16:40:44.491000 1300744 torch/distributed/tensor/_redistribute.py:347] While redistributing from (_NormPartial(2.0), _NormPartial(2.0)) to (Replicate(), Replicate()), 2 sequential all_reduce operations will be performed. This is suboptimal: multiple collective operations have higher latency (separate kernel launches and synchronization points) and may give inconsistent results between ranks due to different reduction orders. To optimize, flatten mesh dimensions ["dp_shard", "tp"] so DTensor can use a single operation instead.
[rank15]:W0630 16:40:44.491000 1301088 torch/distributed/tensor/_redistribute.py:347] While redistributing from (_NormPartial(2.0), _NormPartial(2.0)) to (Replicate(), Replicate()), 2 sequential all_reduce operations will be performed. This is suboptimal: multiple collective operations have higher latency (separate kernel launches and synchronization points) and may give inconsistent results between ranks due to different reduction orders. To optimize, flatten mesh dimensions ["dp_shard", "tp"] so DTensor can use a single operation instead.
[rank19]:W0630 16:40:44.491000 1313033 torch/distributed/tensor/_redistribute.py:347] While redistributing from (_NormPartial(2.0), _NormPartial(2.0)) to (Replicate(), Replicate()), 2 sequential all_reduce operations will be performed. This is suboptimal: multiple collective operations have higher latency (separate kernel launches and synchronization points) and may give inconsistent results between ranks due to different reduction orders. To optimize, flatten mesh dimensions ["dp_shard", "tp"] so DTensor can use a single operation instead.
[rank35]:W0630 16:40:44.491000 1311409 torch/distributed/tensor/_redistribute.py:347] While redistributing from (_NormPartial(2.0), _NormPartial(2.0)) to (Replicate(), Replicate()), 2 sequential all_reduce operations will be performed. This is suboptimal: multiple collective operations have higher latency (separate kernel launches and synchronization points) and may give inconsistent results between ranks due to different reduction orders. To optimize, flatten mesh dimensions ["dp_shard", "tp"] so DTensor can use a single operation instead.
[rank87]:W0630 16:40:44.491000 1273258 torch/distributed/tensor/_redistribute.py:347] While redistributing from (_NormPartial(2.0), _NormPartial(2.0)) to (Replicate(), Replicate()), 2 sequential all_reduce operations will be performed. This is suboptimal: multiple collective operations have higher latency (separate kernel launches and synchronization points) and may give inconsistent results between ranks due to different reduction orders. To optimize, flatten mesh dimensions ["dp_shard", "tp"] so DTensor can use a single operation instead.
[rank23]:W0630 16:40:44.491000 1246865 torch/distributed/tensor/_redistribute.py:347] While redistributing from (_NormPartial(2.0), _NormPartial(2.0)) to (Replicate(), Replicate()), 2 sequential all_reduce operations will be performed. This is suboptimal: multiple collective operations have higher latency (separate kernel launches and synchronization points) and may give inconsistent results between ranks due to different reduction orders. To optimize, flatten mesh dimensions ["dp_shard", "tp"] so DTensor can use a single operation instead.
[rank55]:W0630 16:40:44.491000 1336288 torch/distributed/tensor/_redistribute.py:347] While redistributing from (_NormPartial(2.0), _NormPartial(2.0)) to (Replicate(), Replicate()), 2 sequential all_reduce operations will be performed. This is suboptimal: multiple collective operations have higher latency (separate kernel launches and synchronization points) and may give inconsistent results between ranks due to different reduction orders. To optimize, flatten mesh dimensions ["dp_shard", "tp"] so DTensor can use a single operation instead.
[rank123]:W0630 16:40:44.491000 1300028 torch/distributed/tensor/_redistribute.py:347] While redistributing from (_NormPartial(2.0), _NormPartial(2.0)) to (Replicate(), Replicate()), 2 sequential all_reduce operations will be performed. This is suboptimal: multiple collective operations have higher latency (separate kernel launches and synchronization points) and may give inconsistent results between ranks due to different reduction orders. To optimize, flatten mesh dimensions ["dp_shard", "tp"] so DTensor can use a single operation instead.
[rank79]:W0630 16:40:44.491000 1291712 torch/distributed/tensor/_redistribute.py:347] While redistributing from (_NormPartial(2.0), _NormPartial(2.0)) to (Replicate(), Replicate()), 2 sequential all_reduce operations will be performed. This is suboptimal: multiple collective operations have higher latency (separate kernel launches and synchronization points) and may give inconsistent results between ranks due to different reduction orders. To optimize, flatten mesh dimensions ["dp_shard", "tp"] so DTensor can use a single operation instead.
[rank51]:W0630 16:40:44.491000 1287874 torch/distributed/tensor/_redistribute.py:347] While redistributing from (_NormPartial(2.0), _NormPartial(2.0)) to (Replicate(), Replicate()), 2 sequential all_reduce operations will be performed. This is suboptimal: multiple collective operations have higher latency (separate kernel launches and synchronization points) and may give inconsistent results between ranks due to different reduction orders. To optimize, flatten mesh dimensions ["dp_shard", "tp"] so DTensor can use a single operation instead.
[rank63]:W0630 16:40:44.491000 1252612 torch/distributed/tensor/_redistribute.py:347] While redistributing from (_NormPartial(2.0), _NormPartial(2.0)) to (Replicate(), Replicate()), 2 sequential all_reduce operations will be performed. This is suboptimal: multiple collective operations have higher latency (separate kernel launches and synchronization points) and may give inconsistent results between ranks due to different reduction orders. To optimize, flatten mesh dimensions ["dp_shard", "tp"] so DTensor can use a single operation instead.
[rank31]:W0630 16:40:44.492000 1240909 torch/distributed/tensor/_redistribute.py:347] While redistributing from (_NormPartial(2.0), _NormPartial(2.0)) to (Replicate(), Replicate()), 2 sequential all_reduce operations will be performed. This is suboptimal: multiple collective operations have higher latency (separate kernel launches and synchronization points) and may give inconsistent results between ranks due to different reduction orders. To optimize, flatten mesh dimensions ["dp_shard", "tp"] so DTensor can use a single operation instead.
[rank3]:W0630 16:40:44.492000 1246151 torch/distributed/tensor/_redistribute.py:347] While redistributing from (_NormPartial(2.0), _NormPartial(2.0)) to (Replicate(), Replicate()), 2 sequential all_reduce operations will be performed. This is suboptimal: multiple collective operations have higher latency (separate kernel launches and synchronization points) and may give inconsistent results between ranks due to different reduction orders. To optimize, flatten mesh dimensions ["dp_shard", "tp"] so DTensor can use a single operation instead.
[rank71]:W0630 16:40:44.492000 92779 torch/distributed/tensor/_redistribute.py:347] While redistributing from (_NormPartial(2.0), _NormPartial(2.0)) to (Replicate(), Replicate()), 2 sequential all_reduce operations will be performed. This is suboptimal: multiple collective operations have higher latency (separate kernel launches and synchronization points) and may give inconsistent results between ranks due to different reduction orders. To optimize, flatten mesh dimensions ["dp_shard", "tp"] so DTensor can use a single operation instead.
[rank43]:W0630 16:40:44.492000 1284426 torch/distributed/tensor/_redistribute.py:347] While redistributing from (_NormPartial(2.0), _NormPartial(2.0)) to (Replicate(), Replicate()), 2 sequential all_reduce operations will be performed. This is suboptimal: multiple collective operations have higher latency (separate kernel launches and synchronization points) and may give inconsistent results between ranks due to different reduction orders. To optimize, flatten mesh dimensions ["dp_shard", "tp"] so DTensor can use a single operation instead.
[rank7]:W0630 16:40:44.492000 1314039 torch/distributed/tensor/_redistribute.py:347] While redistributing from (_NormPartial(2.0), _NormPartial(2.0)) to (Replicate(), Replicate()), 2 sequential all_reduce operations will be performed. This is suboptimal: multiple collective operations have higher latency (separate kernel launches and synchronization points) and may give inconsistent results between ranks due to different reduction orders. To optimize, flatten mesh dimensions ["dp_shard", "tp"] so DTensor can use a single operation instead.
[rank8]:W0630 16:40:44.502000 1314424 torch/distributed/tensor/_redistribute.py:347] While redistributing from (_NormPartial(2.0), _NormPartial(2.0)) to (Replicate(), Replicate()), 2 sequential all_reduce operations will be performed. This is suboptimal: multiple collective operations have higher latency (separate kernel launches and synchronization points) and may give inconsistent results between ranks due to different reduction orders. To optimize, flatten mesh dimensions ["dp_shard", "tp"] so DTensor can use a single operation instead.
[rank16]:W0630 16:40:44.503000 1313034 torch/distributed/tensor/_redistribute.py:347] While redistributing from (_NormPartial(2.0), _NormPartial(2.0)) to (Replicate(), Replicate()), 2 sequential all_reduce operations will be performed. This is suboptimal: multiple collective operations have higher latency (separate kernel launches and synchronization points) and may give inconsistent results between ranks due to different reduction orders. To optimize, flatten mesh dimensions ["dp_shard", "tp"] so DTensor can use a single operation instead.
[rank72]:W0630 16:40:44.503000 1235078 torch/distributed/tensor/_redistribute.py:347] While redistributing from (_NormPartial(2.0), _NormPartial(2.0)) to (Replicate(), Replicate()), 2 sequential all_reduce operations will be performed. This is suboptimal: multiple collective operations have higher latency (separate kernel launches and synchronization points) and may give inconsistent results between ranks due to different reduction orders. To optimize, flatten mesh dimensions ["dp_shard", "tp"] so DTensor can use a single operation instead.
[rank116]:W0630 16:40:44.504000 1311011 torch/distributed/tensor/_redistribute.py:347] While redistributing from (_NormPartial(2.0), _NormPartial(2.0)) to (Replicate(), Replicate()), 2 sequential all_reduce operations will be performed. This is suboptimal: multiple collective operations have higher latency (separate kernel launches and synchronization points) and may give inconsistent results between ranks due to different reduction orders. To optimize, flatten mesh dimensions ["dp_shard", "tp"] so DTensor can use a single operation instead.
[rank12]:W0630 16:40:44.504000 1301085 torch/distributed/tensor/_redistribute.py:347] While redistributing from (_NormPartial(2.0), _NormPartial(2.0)) to (Replicate(), Replicate()), 2 sequential all_reduce operations will be performed. This is suboptimal: multiple collective operations have higher latency (separate kernel launches and synchronization points) and may give inconsistent results between ranks due to different reduction orders. To optimize, flatten mesh dimensions ["dp_shard", "tp"] so DTensor can use a single operation instead.
[rank112]:W0630 16:40:44.504000 1241893 torch/distributed/tensor/_redistribute.py:347] While redistributing from (_NormPartial(2.0), _NormPartial(2.0)) to (Replicate(), Replicate()), 2 sequential all_reduce operations will be performed. This is suboptimal: multiple collective operations have higher latency (separate kernel launches and synchronization points) and may give inconsistent results between ranks due to different reduction orders. To optimize, flatten mesh dimensions ["dp_shard", "tp"] so DTensor can use a single operation instead.
[rank64]:W0630 16:40:44.504000 1242134 torch/distributed/tensor/_redistribute.py:347] While redistributing from (_NormPartial(2.0), _NormPartial(2.0)) to (Replicate(), Replicate()), 2 sequential all_reduce operations will be performed. This is suboptimal: multiple collective operations have higher latency (separate kernel launches and synchronization points) and may give inconsistent results between ranks due to different reduction orders. To optimize, flatten mesh dimensions ["dp_shard", "tp"] so DTensor can use a single operation instead.
[rank100]:W0630 16:40:44.504000 1261466 torch/distributed/tensor/_redistribute.py:347] While redistributing from (_NormPartial(2.0), _NormPartial(2.0)) to (Replicate(), Replicate()), 2 sequential all_reduce operations will be performed. This is suboptimal: multiple collective operations have higher latency (separate kernel launches and synchronization points) and may give inconsistent results between ranks due to different reduction orders. To optimize, flatten mesh dimensions ["dp_shard", "tp"] so DTensor can use a single operation instead.
[rank32]:W0630 16:40:44.504000 1311408 torch/distributed/tensor/_redistribute.py:347] While redistributing from (_NormPartial(2.0), _NormPartial(2.0)) to (Replicate(), Replicate()), 2 sequential all_reduce operations will be performed. This is suboptimal: multiple collective operations have higher latency (separate kernel launches and synchronization points) and may give inconsistent results between ranks due to different reduction orders. To optimize, flatten mesh dimensions ["dp_shard", "tp"] so DTensor can use a single operation instead.
[rank88]:W0630 16:40:44.504000 1313507 torch/distributed/tensor/_redistribute.py:347] While redistributing from (_NormPartial(2.0), _NormPartial(2.0)) to (Replicate(), Replicate()), 2 sequential all_reduce operations will be performed. This is suboptimal: multiple collective operations have higher latency (separate kernel launches and synchronization points) and may give inconsistent results between ranks due to different reduction orders. To optimize, flatten mesh dimensions ["dp_shard", "tp"] so DTensor can use a single operation instead.
[rank48]:W0630 16:40:44.505000 1287873 torch/distributed/tensor/_redistribute.py:347] While redistributing from (_NormPartial(2.0), _NormPartial(2.0)) to (Replicate(), Replicate()), 2 sequential all_reduce operations will be performed. This is suboptimal: multiple collective operations have higher latency (separate kernel launches and synchronization points) and may give inconsistent results between ranks due to different reduction orders. To optimize, flatten mesh dimensions ["dp_shard", "tp"] so DTensor can use a single operation instead.
[rank80]:W0630 16:40:44.504000 1303823 torch/distributed/tensor/_redistribute.py:347] While redistributing from (_NormPartial(2.0), _NormPartial(2.0)) to (Replicate(), Replicate()), 2 sequential all_reduce operations will be performed. This is suboptimal: multiple collective operations have higher latency (separate kernel launches and synchronization points) and may give inconsistent results between ranks due to different reduction orders. To optimize, flatten mesh dimensions ["dp_shard", "tp"] so DTensor can use a single operation instead.
[rank124]:W0630 16:40:44.505000 1241464 torch/distributed/tensor/_redistribute.py:347] While redistributing from (_NormPartial(2.0), _NormPartial(2.0)) to (Replicate(), Replicate()), 2 sequential all_reduce operations will be performed. This is suboptimal: multiple collective operations have higher latency (separate kernel launches and synchronization points) and may give inconsistent results between ranks due to different reduction orders. To optimize, flatten mesh dimensions ["dp_shard", "tp"] so DTensor can use a single operation instead.
[rank28]:W0630 16:40:44.505000 1240910 torch/distributed/tensor/_redistribute.py:347] While redistributing from (_NormPartial(2.0), _NormPartial(2.0)) to (Replicate(), Replicate()), 2 sequential all_reduce operations will be performed. This is suboptimal: multiple collective operations have higher latency (separate kernel launches and synchronization points) and may give inconsistent results between ranks due to different reduction orders. To optimize, flatten mesh dimensions ["dp_shard", "tp"] so DTensor can use a single operation instead.
[rank92]:W0630 16:40:44.505000 1310733 torch/distributed/tensor/_redistribute.py:347] While redistributing from (_NormPartial(2.0), _NormPartial(2.0)) to (Replicate(), Replicate()), 2 sequential all_reduce operations will be performed. This is suboptimal: multiple collective operations have higher latency (separate kernel launches and synchronization points) and may give inconsistent results between ranks due to different reduction orders. To optimize, flatten mesh dimensions ["dp_shard", "tp"] so DTensor can use a single operation instead.
[rank76]:W0630 16:40:44.505000 1291711 torch/distributed/tensor/_redistribute.py:347] While redistributing from (_NormPartial(2.0), _NormPartial(2.0)) to (Replicate(), Replicate()), 2 sequential all_reduce operations will be performed. This is suboptimal: multiple collective operations have higher latency (separate kernel launches and synchronization points) and may give inconsistent results between ranks due to different reduction orders. To optimize, flatten mesh dimensions ["dp_shard", "tp"] so DTensor can use a single operation instead.
[rank84]:W0630 16:40:44.505000 1273260 torch/distributed/tensor/_redistribute.py:347] While redistributing from (_NormPartial(2.0), _NormPartial(2.0)) to (Replicate(), Replicate()), 2 sequential all_reduce operations will be performed. This is suboptimal: multiple collective operations have higher latency (separate kernel launches and synchronization points) and may give inconsistent results between ranks due to different reduction orders. To optimize, flatten mesh dimensions ["dp_shard", "tp"] so DTensor can use a single operation instead.
[rank0]:W0630 16:40:44.506000 1246148 torch/distributed/tensor/_redistribute.py:347] While redistributing from (_NormPartial(2.0), _NormPartial(2.0)) to (Replicate(), Replicate()), 2 sequential all_reduce operations will be performed. This is suboptimal: multiple collective operations have higher latency (separate kernel launches and synchronization points) and may give inconsistent results between ranks due to different reduction orders. To optimize, flatten mesh dimensions ["dp_shard", "tp"] so DTensor can use a single operation instead.
[rank20]:W0630 16:40:44.505000 1246867 torch/distributed/tensor/_redistribute.py:347] While redistributing from (_NormPartial(2.0), _NormPartial(2.0)) to (Replicate(), Replicate()), 2 sequential all_reduce operations will be performed. This is suboptimal: multiple collective operations have higher latency (separate kernel launches and synchronization points) and may give inconsistent results between ranks due to different reduction orders. To optimize, flatten mesh dimensions ["dp_shard", "tp"] so DTensor can use a single operation instead.
[rank104]:W0630 16:40:44.505000 1326985 torch/distributed/tensor/_redistribute.py:347] While redistributing from (_NormPartial(2.0), _NormPartial(2.0)) to (Replicate(), Replicate()), 2 sequential all_reduce operations will be performed. This is suboptimal: multiple collective operations have higher latency (separate kernel launches and synchronization points) and may give inconsistent results between ranks due to different reduction orders. To optimize, flatten mesh dimensions ["dp_shard", "tp"] so DTensor can use a single operation instead.
[rank52]:W0630 16:40:44.505000 1336291 torch/distributed/tensor/_redistribute.py:347] While redistributing from (_NormPartial(2.0), _NormPartial(2.0)) to (Replicate(), Replicate()), 2 sequential all_reduce operations will be performed. This is suboptimal: multiple collective operations have higher latency (separate kernel launches and synchronization points) and may give inconsistent results between ranks due to different reduction orders. To optimize, flatten mesh dimensions ["dp_shard", "tp"] so DTensor can use a single operation instead.
[rank44]:W0630 16:40:44.506000 1300743 torch/distributed/tensor/_redistribute.py:347] While redistributing from (_NormPartial(2.0), _NormPartial(2.0)) to (Replicate(), Replicate()), 2 sequential all_reduce operations will be performed. This is suboptimal: multiple collective operations have higher latency (separate kernel launches and synchronization points) and may give inconsistent results between ranks due to different reduction orders. To optimize, flatten mesh dimensions ["dp_shard", "tp"] so DTensor can use a single operation instead.
[rank56]:W0630 16:40:44.505000 1348807 torch/distributed/tensor/_redistribute.py:347] While redistributing from (_NormPartial(2.0), _NormPartial(2.0)) to (Replicate(), Replicate()), 2 sequential all_reduce operations will be performed. This is suboptimal: multiple collective operations have higher latency (separate kernel launches and synchronization points) and may give inconsistent results between ranks due to different reduction orders. To optimize, flatten mesh dimensions ["dp_shard", "tp"] so DTensor can use a single operation instead.
[rank60]:W0630 16:40:44.505000 1252611 torch/distributed/tensor/_redistribute.py:347] While redistributing from (_NormPartial(2.0), _NormPartial(2.0)) to (Replicate(), Replicate()), 2 sequential all_reduce operations will be performed. This is suboptimal: multiple collective operations have higher latency (separate kernel launches and synchronization points) and may give inconsistent results between ranks due to different reduction orders. To optimize, flatten mesh dimensions ["dp_shard", "tp"] so DTensor can use a single operation instead.
[rank120]:W0630 16:40:44.506000 1300027 torch/distributed/tensor/_redistribute.py:347] While redistributing from (_NormPartial(2.0), _NormPartial(2.0)) to (Replicate(), Replicate()), 2 sequential all_reduce operations will be performed. This is suboptimal: multiple collective operations have higher latency (separate kernel launches and synchronization points) and may give inconsistent results between ranks due to different reduction orders. To optimize, flatten mesh dimensions ["dp_shard", "tp"] so DTensor can use a single operation instead.
[rank4]:W0630 16:40:44.506000 1314037 torch/distributed/tensor/_redistribute.py:347] While redistributing from (_NormPartial(2.0), _NormPartial(2.0)) to (Replicate(), Replicate()), 2 sequential all_reduce operations will be performed. This is suboptimal: multiple collective operations have higher latency (separate kernel launches and synchronization points) and may give inconsistent results between ranks due to different reduction orders. To optimize, flatten mesh dimensions ["dp_shard", "tp"] so DTensor can use a single operation instead.
[rank24]:W0630 16:40:44.505000 1275303 torch/distributed/tensor/_redistribute.py:347] While redistributing from (_NormPartial(2.0), _NormPartial(2.0)) to (Replicate(), Replicate()), 2 sequential all_reduce operations will be performed. This is suboptimal: multiple collective operations have higher latency (separate kernel launches and synchronization points) and may give inconsistent results between ranks due to different reduction orders. To optimize, flatten mesh dimensions ["dp_shard", "tp"] so DTensor can use a single operation instead.
[rank96]:W0630 16:40:44.506000 1306387 torch/distributed/tensor/_redistribute.py:347] While redistributing from (_NormPartial(2.0), _NormPartial(2.0)) to (Replicate(), Replicate()), 2 sequential all_reduce operations will be performed. This is suboptimal: multiple collective operations have higher latency (separate kernel launches and synchronization points) and may give inconsistent results between ranks due to different reduction orders. To optimize, flatten mesh dimensions ["dp_shard", "tp"] so DTensor can use a single operation instead.
[rank108]:W0630 16:40:44.506000 1251215 torch/distributed/tensor/_redistribute.py:347] While redistributing from (_NormPartial(2.0), _NormPartial(2.0)) to (Replicate(), Replicate()), 2 sequential all_reduce operations will be performed. This is suboptimal: multiple collective operations have higher latency (separate kernel launches and synchronization points) and may give inconsistent results between ranks due to different reduction orders. To optimize, flatten mesh dimensions ["dp_shard", "tp"] so DTensor can use a single operation instead.
[rank36]:W0630 16:40:44.506000 1325301 torch/distributed/tensor/_redistribute.py:347] While redistributing from (_NormPartial(2.0), _NormPartial(2.0)) to (Replicate(), Replicate()), 2 sequential all_reduce operations will be performed. This is suboptimal: multiple collective operations have higher latency (separate kernel launches and synchronization points) and may give inconsistent results between ranks due to different reduction orders. To optimize, flatten mesh dimensions ["dp_shard", "tp"] so DTensor can use a single operation instead.
[rank40]:W0630 16:40:44.506000 1284424 torch/distributed/tensor/_redistribute.py:347] While redistributing from (_NormPartial(2.0), _NormPartial(2.0)) to (Replicate(), Replicate()), 2 sequential all_reduce operations will be performed. This is suboptimal: multiple collective operations have higher latency (separate kernel launches and synchronization points) and may give inconsistent results between ranks due to different reduction orders. To optimize, flatten mesh dimensions ["dp_shard", "tp"] so DTensor can use a single operation instead.
[rank68]:W0630 16:40:44.507000 92777 torch/distributed/tensor/_redistribute.py:347] While redistributing from (_NormPartial(2.0), _NormPartial(2.0)) to (Replicate(), Replicate()), 2 sequential all_reduce operations will be performed. This is suboptimal: multiple collective operations have higher latency (separate kernel launches and synchronization points) and may give inconsistent results between ranks due to different reduction orders. To optimize, flatten mesh dimensions ["dp_shard", "tp"] so DTensor can use a single operation instead.
[rank61]:W0630 16:40:44.519000 1252610 torch/distributed/tensor/_redistribute.py:347] While redistributing from (_NormPartial(2.0), _NormPartial(2.0)) to (Replicate(), Replicate()), 2 sequential all_reduce operations will be performed. This is suboptimal: multiple collective operations have higher latency (separate kernel launches and synchronization points) and may give inconsistent results between ranks due to different reduction orders. To optimize, flatten mesh dimensions ["dp_shard", "tp"] so DTensor can use a single operation instead.
[rank21]:W0630 16:40:44.519000 1246866 torch/distributed/tensor/_redistribute.py:347] While redistributing from (_NormPartial(2.0), _NormPartial(2.0)) to (Replicate(), Replicate()), 2 sequential all_reduce operations will be performed. This is suboptimal: multiple collective operations have higher latency (separate kernel launches and synchronization points) and may give inconsistent results between ranks due to different reduction orders. To optimize, flatten mesh dimensions ["dp_shard", "tp"] so DTensor can use a single operation instead.
[rank45]:W0630 16:40:44.520000 1300745 torch/distributed/tensor/_redistribute.py:347] While redistributing from (_NormPartial(2.0), _NormPartial(2.0)) to (Replicate(), Replicate()), 2 sequential all_reduce operations will be performed. This is suboptimal: multiple collective operations have higher latency (separate kernel launches and synchronization points) and may give inconsistent results between ranks due to different reduction orders. To optimize, flatten mesh dimensions ["dp_shard", "tp"] so DTensor can use a single operation instead.
[rank89]:W0630 16:40:44.520000 1313510 torch/distributed/tensor/_redistribute.py:347] While redistributing from (_NormPartial(2.0), _NormPartial(2.0)) to (Replicate(), Replicate()), 2 sequential all_reduce operations will be performed. This is suboptimal: multiple collective operations have higher latency (separate kernel launches and synchronization points) and may give inconsistent results between ranks due to different reduction orders. To optimize, flatten mesh dimensions ["dp_shard", "tp"] so DTensor can use a single operation instead.
[rank109]:W0630 16:40:44.520000 1251213 torch/distributed/tensor/_redistribute.py:347] While redistributing from (_NormPartial(2.0), _NormPartial(2.0)) to (Replicate(), Replicate()), 2 sequential all_reduce operations will be performed. This is suboptimal: multiple collective operations have higher latency (separate kernel launches and synchronization points) and may give inconsistent results between ranks due to different reduction orders. To optimize, flatten mesh dimensions ["dp_shard", "tp"] so DTensor can use a single operation instead.
[rank85]:W0630 16:40:44.520000 1273259 torch/distributed/tensor/_redistribute.py:347] While redistributing from (_NormPartial(2.0), _NormPartial(2.0)) to (Replicate(), Replicate()), 2 sequential all_reduce operations will be performed. This is suboptimal: multiple collective operations have higher latency (separate kernel launches and synchronization points) and may give inconsistent results between ranks due to different reduction orders. To optimize, flatten mesh dimensions ["dp_shard", "tp"] so DTensor can use a single operation instead.
[rank53]:W0630 16:40:44.520000 1336290 torch/distributed/tensor/_redistribute.py:347] While redistributing from (_NormPartial(2.0), _NormPartial(2.0)) to (Replicate(), Replicate()), 2 sequential all_reduce operations will be performed. This is suboptimal: multiple collective operations have higher latency (separate kernel launches and synchronization points) and may give inconsistent results between ranks due to different reduction orders. To optimize, flatten mesh dimensions ["dp_shard", "tp"] so DTensor can use a single operation instead.
[rank77]:W0630 16:40:44.520000 1291710 torch/distributed/tensor/_redistribute.py:347] While redistributing from (_NormPartial(2.0), _NormPartial(2.0)) to (Replicate(), Replicate()), 2 sequential all_reduce operations will be performed. This is suboptimal: multiple collective operations have higher latency (separate kernel launches and synchronization points) and may give inconsistent results between ranks due to different reduction orders. To optimize, flatten mesh dimensions ["dp_shard", "tp"] so DTensor can use a single operation instead.
[rank101]:W0630 16:40:44.521000 1261469 torch/distributed/tensor/_redistribute.py:347] While redistributing from (_NormPartial(2.0), _NormPartial(2.0)) to (Replicate(), Replicate()), 2 sequential all_reduce operations will be performed. This is suboptimal: multiple collective operations have higher latency (separate kernel launches and synchronization points) and may give inconsistent results between ranks due to different reduction orders. To optimize, flatten mesh dimensions ["dp_shard", "tp"] so DTensor can use a single operation instead.
[rank97]:W0630 16:40:44.521000 1306386 torch/distributed/tensor/_redistribute.py:347] While redistributing from (_NormPartial(2.0), _NormPartial(2.0)) to (Replicate(), Replicate()), 2 sequential all_reduce operations will be performed. This is suboptimal: multiple collective operations have higher latency (separate kernel launches and synchronization points) and may give inconsistent results between ranks due to different reduction orders. To optimize, flatten mesh dimensions ["dp_shard", "tp"] so DTensor can use a single operation instead.
[rank65]:W0630 16:40:44.521000 1242136 torch/distributed/tensor/_redistribute.py:347] While redistributing from (_NormPartial(2.0), _NormPartial(2.0)) to (Replicate(), Replicate()), 2 sequential all_reduce operations will be performed. This is suboptimal: multiple collective operations have higher latency (separate kernel launches and synchronization points) and may give inconsistent results between ranks due to different reduction orders. To optimize, flatten mesh dimensions ["dp_shard", "tp"] so DTensor can use a single operation instead.
[rank125]:W0630 16:40:44.521000 1241463 torch/distributed/tensor/_redistribute.py:347] While redistributing from (_NormPartial(2.0), _NormPartial(2.0)) to (Replicate(), Replicate()), 2 sequential all_reduce operations will be performed. This is suboptimal: multiple collective operations have higher latency (separate kernel launches and synchronization points) and may give inconsistent results between ranks due to different reduction orders. To optimize, flatten mesh dimensions ["dp_shard", "tp"] so DTensor can use a single operation instead.
[rank25]:W0630 16:40:44.520000 1275305 torch/distributed/tensor/_redistribute.py:347] While redistributing from (_NormPartial(2.0), _NormPartial(2.0)) to (Replicate(), Replicate()), 2 sequential all_reduce operations will be performed. This is suboptimal: multiple collective operations have higher latency (separate kernel launches and synchronization points) and may give inconsistent results between ranks due to different reduction orders. To optimize, flatten mesh dimensions ["dp_shard", "tp"] so DTensor can use a single operation instead.
[rank117]:W0630 16:40:44.521000 1311013 torch/distributed/tensor/_redistribute.py:347] While redistributing from (_NormPartial(2.0), _NormPartial(2.0)) to (Replicate(), Replicate()), 2 sequential all_reduce operations will be performed. This is suboptimal: multiple collective operations have higher latency (separate kernel launches and synchronization points) and may give inconsistent results between ranks due to different reduction orders. To optimize, flatten mesh dimensions ["dp_shard", "tp"] so DTensor can use a single operation instead.
[rank17]:W0630 16:40:44.521000 1313032 torch/distributed/tensor/_redistribute.py:347] While redistributing from (_NormPartial(2.0), _NormPartial(2.0)) to (Replicate(), Replicate()), 2 sequential all_reduce operations will be performed. This is suboptimal: multiple collective operations have higher latency (separate kernel launches and synchronization points) and may give inconsistent results between ranks due to different reduction orders. To optimize, flatten mesh dimensions ["dp_shard", "tp"] so DTensor can use a single operation instead.
[rank121]:W0630 16:40:44.521000 1300029 torch/distributed/tensor/_redistribute.py:347] While redistributing from (_NormPartial(2.0), _NormPartial(2.0)) to (Replicate(), Replicate()), 2 sequential all_reduce operations will be performed. This is suboptimal: multiple collective operations have higher latency (separate kernel launches and synchronization points) and may give inconsistent results between ranks due to different reduction orders. To optimize, flatten mesh dimensions ["dp_shard", "tp"] so DTensor can use a single operation instead.
[rank93]:W0630 16:40:44.521000 1310732 torch/distributed/tensor/_redistribute.py:347] While redistributing from (_NormPartial(2.0), _NormPartial(2.0)) to (Replicate(), Replicate()), 2 sequential all_reduce operations will be performed. This is suboptimal: multiple collective operations have higher latency (separate kernel launches and synchronization points) and may give inconsistent results between ranks due to different reduction orders. To optimize, flatten mesh dimensions ["dp_shard", "tp"] so DTensor can use a single operation instead.
[rank13]:W0630 16:40:44.521000 1301087 torch/distributed/tensor/_redistribute.py:347] While redistributing from (_NormPartial(2.0), _NormPartial(2.0)) to (Replicate(), Replicate()), 2 sequential all_reduce operations will be performed. This is suboptimal: multiple collective operations have higher latency (separate kernel launches and synchronization points) and may give inconsistent results between ranks due to different reduction orders. To optimize, flatten mesh dimensions ["dp_shard", "tp"] so DTensor can use a single operation instead.
[rank5]:W0630 16:40:44.521000 1314038 torch/distributed/tensor/_redistribute.py:347] While redistributing from (_NormPartial(2.0), _NormPartial(2.0)) to (Replicate(), Replicate()), 2 sequential all_reduce operations will be performed. This is suboptimal: multiple collective operations have higher latency (separate kernel launches and synchronization points) and may give inconsistent results between ranks due to different reduction orders. To optimize, flatten mesh dimensions ["dp_shard", "tp"] so DTensor can use a single operation instead.
[rank9]:W0630 16:40:44.521000 1314428 torch/distributed/tensor/_redistribute.py:347] While redistributing from (_NormPartial(2.0), _NormPartial(2.0)) to (Replicate(), Replicate()), 2 sequential all_reduce operations will be performed. This is suboptimal: multiple collective operations have higher latency (separate kernel launches and synchronization points) and may give inconsistent results between ranks due to different reduction orders. To optimize, flatten mesh dimensions ["dp_shard", "tp"] so DTensor can use a single operation instead.
[rank105]:W0630 16:40:44.521000 1326982 torch/distributed/tensor/_redistribute.py:347] While redistributing from (_NormPartial(2.0), _NormPartial(2.0)) to (Replicate(), Replicate()), 2 sequential all_reduce operations will be performed. This is suboptimal: multiple collective operations have higher latency (separate kernel launches and synchronization points) and may give inconsistent results between ranks due to different reduction orders. To optimize, flatten mesh dimensions ["dp_shard", "tp"] so DTensor can use a single operation instead.
[rank1]:W0630 16:40:44.522000 1246150 torch/distributed/tensor/_redistribute.py:347] While redistributing from (_NormPartial(2.0), _NormPartial(2.0)) to (Replicate(), Replicate()), 2 sequential all_reduce operations will be performed. This is suboptimal: multiple collective operations have higher latency (separate kernel launches and synchronization points) and may give inconsistent results between ranks due to different reduction orders. To optimize, flatten mesh dimensions ["dp_shard", "tp"] so DTensor can use a single operation instead.
[rank29]:W0630 16:40:44.521000 1240908 torch/distributed/tensor/_redistribute.py:347] While redistributing from (_NormPartial(2.0), _NormPartial(2.0)) to (Replicate(), Replicate()), 2 sequential all_reduce operations will be performed. This is suboptimal: multiple collective operations have higher latency (separate kernel launches and synchronization points) and may give inconsistent results between ranks due to different reduction orders. To optimize, flatten mesh dimensions ["dp_shard", "tp"] so DTensor can use a single operation instead.
[rank113]:W0630 16:40:44.521000 1241890 torch/distributed/tensor/_redistribute.py:347] While redistributing from (_NormPartial(2.0), _NormPartial(2.0)) to (Replicate(), Replicate()), 2 sequential all_reduce operations will be performed. This is suboptimal: multiple collective operations have higher latency (separate kernel launches and synchronization points) and may give inconsistent results between ranks due to different reduction orders. To optimize, flatten mesh dimensions ["dp_shard", "tp"] so DTensor can use a single operation instead.
[rank41]:W0630 16:40:44.522000 1284423 torch/distributed/tensor/_redistribute.py:347] While redistributing from (_NormPartial(2.0), _NormPartial(2.0)) to (Replicate(), Replicate()), 2 sequential all_reduce operations will be performed. This is suboptimal: multiple collective operations have higher latency (separate kernel launches and synchronization points) and may give inconsistent results between ranks due to different reduction orders. To optimize, flatten mesh dimensions ["dp_shard", "tp"] so DTensor can use a single operation instead.
[rank33]:W0630 16:40:44.522000 1311407 torch/distributed/tensor/_redistribute.py:347] While redistributing from (_NormPartial(2.0), _NormPartial(2.0)) to (Replicate(), Replicate()), 2 sequential all_reduce operations will be performed. This is suboptimal: multiple collective operations have higher latency (separate kernel launches and synchronization points) and may give inconsistent results between ranks due to different reduction orders. To optimize, flatten mesh dimensions ["dp_shard", "tp"] so DTensor can use a single operation instead.
[rank69]:W0630 16:40:44.522000 92778 torch/distributed/tensor/_redistribute.py:347] While redistributing from (_NormPartial(2.0), _NormPartial(2.0)) to (Replicate(), Replicate()), 2 sequential all_reduce operations will be performed. This is suboptimal: multiple collective operations have higher latency (separate kernel launches and synchronization points) and may give inconsistent results between ranks due to different reduction orders. To optimize, flatten mesh dimensions ["dp_shard", "tp"] so DTensor can use a single operation instead.
[rank73]:W0630 16:40:44.522000 1235079 torch/distributed/tensor/_redistribute.py:347] While redistributing from (_NormPartial(2.0), _NormPartial(2.0)) to (Replicate(), Replicate()), 2 sequential all_reduce operations will be performed. This is suboptimal: multiple collective operations have higher latency (separate kernel launches and synchronization points) and may give inconsistent results between ranks due to different reduction orders. To optimize, flatten mesh dimensions ["dp_shard", "tp"] so DTensor can use a single operation instead.
[rank49]:W0630 16:40:44.522000 1287872 torch/distributed/tensor/_redistribute.py:347] While redistributing from (_NormPartial(2.0), _NormPartial(2.0)) to (Replicate(), Replicate()), 2 sequential all_reduce operations will be performed. This is suboptimal: multiple collective operations have higher latency (separate kernel launches and synchronization points) and may give inconsistent results between ranks due to different reduction orders. To optimize, flatten mesh dimensions ["dp_shard", "tp"] so DTensor can use a single operation instead.
[rank57]:W0630 16:40:44.522000 1348805 torch/distributed/tensor/_redistribute.py:347] While redistributing from (_NormPartial(2.0), _NormPartial(2.0)) to (Replicate(), Replicate()), 2 sequential all_reduce operations will be performed. This is suboptimal: multiple collective operations have higher latency (separate kernel launches and synchronization points) and may give inconsistent results between ranks due to different reduction orders. To optimize, flatten mesh dimensions ["dp_shard", "tp"] so DTensor can use a single operation instead.
[rank81]:W0630 16:40:44.522000 1303826 torch/distributed/tensor/_redistribute.py:347] While redistributing from (_NormPartial(2.0), _NormPartial(2.0)) to (Replicate(), Replicate()), 2 sequential all_reduce operations will be performed. This is suboptimal: multiple collective operations have higher latency (separate kernel launches and synchronization points) and may give inconsistent results between ranks due to different reduction orders. To optimize, flatten mesh dimensions ["dp_shard", "tp"] so DTensor can use a single operation instead.
[rank37]:W0630 16:40:44.523000 1325299 torch/distributed/tensor/_redistribute.py:347] While redistributing from (_NormPartial(2.0), _NormPartial(2.0)) to (Replicate(), Replicate()), 2 sequential all_reduce operations will be performed. This is suboptimal: multiple collective operations have higher latency (separate kernel launches and synchronization points) and may give inconsistent results between ranks due to different reduction orders. To optimize, flatten mesh dimensions ["dp_shard", "tp"] so DTensor can use a single operation instead.
[rank66]:W0630 16:40:44.536000 1242137 torch/distributed/tensor/_redistribute.py:347] While redistributing from (_NormPartial(2.0), _NormPartial(2.0)) to (Replicate(), Replicate()), 2 sequential all_reduce operations will be performed. This is suboptimal: multiple collective operations have higher latency (separate kernel launches and synchronization points) and may give inconsistent results between ranks due to different reduction orders. To optimize, flatten mesh dimensions ["dp_shard", "tp"] so DTensor can use a single operation instead.
[rank78]:W0630 16:40:44.536000 1291713 torch/distributed/tensor/_redistribute.py:347] While redistributing from (_NormPartial(2.0), _NormPartial(2.0)) to (Replicate(), Replicate()), 2 sequential all_reduce operations will be performed. This is suboptimal: multiple collective operations have higher latency (separate kernel launches and synchronization points) and may give inconsistent results between ranks due to different reduction orders. To optimize, flatten mesh dimensions ["dp_shard", "tp"] so DTensor can use a single operation instead.
[rank114]:W0630 16:40:44.536000 1241891 torch/distributed/tensor/_redistribute.py:347] While redistributing from (_NormPartial(2.0), _NormPartial(2.0)) to (Replicate(), Replicate()), 2 sequential all_reduce operations will be performed. This is suboptimal: multiple collective operations have higher latency (separate kernel launches and synchronization points) and may give inconsistent results between ranks due to different reduction orders. To optimize, flatten mesh dimensions ["dp_shard", "tp"] so DTensor can use a single operation instead.
[rank126]:W0630 16:40:44.536000 1241462 torch/distributed/tensor/_redistribute.py:347] While redistributing from (_NormPartial(2.0), _NormPartial(2.0)) to (Replicate(), Replicate()), 2 sequential all_reduce operations will be performed. This is suboptimal: multiple collective operations have higher latency (separate kernel launches and synchronization points) and may give inconsistent results between ranks due to different reduction orders. To optimize, flatten mesh dimensions ["dp_shard", "tp"] so DTensor can use a single operation instead.
[rank98]:W0630 16:40:44.536000 1306385 torch/distributed/tensor/_redistribute.py:347] While redistributing from (_NormPartial(2.0), _NormPartial(2.0)) to (Replicate(), Replicate()), 2 sequential all_reduce operations will be performed. This is suboptimal: multiple collective operations have higher latency (separate kernel launches and synchronization points) and may give inconsistent results between ranks due to different reduction orders. To optimize, flatten mesh dimensions ["dp_shard", "tp"] so DTensor can use a single operation instead.
[rank106]:W0630 16:40:44.536000 1326984 torch/distributed/tensor/_redistribute.py:347] While redistributing from (_NormPartial(2.0), _NormPartial(2.0)) to (Replicate(), Replicate()), 2 sequential all_reduce operations will be performed. This is suboptimal: multiple collective operations have higher latency (separate kernel launches and synchronization points) and may give inconsistent results between ranks due to different reduction orders. To optimize, flatten mesh dimensions ["dp_shard", "tp"] so DTensor can use a single operation instead.
[rank94]:W0630 16:40:44.536000 1310735 torch/distributed/tensor/_redistribute.py:347] While redistributing from (_NormPartial(2.0), _NormPartial(2.0)) to (Replicate(), Replicate()), 2 sequential all_reduce operations will be performed. This is suboptimal: multiple collective operations have higher latency (separate kernel launches and synchronization points) and may give inconsistent results between ranks due to different reduction orders. To optimize, flatten mesh dimensions ["dp_shard", "tp"] so DTensor can use a single operation instead.
[rank82]:W0630 16:40:44.536000 1303825 torch/distributed/tensor/_redistribute.py:347] While redistributing from (_NormPartial(2.0), _NormPartial(2.0)) to (Replicate(), Replicate()), 2 sequential all_reduce operations will be performed. This is suboptimal: multiple collective operations have higher latency (separate kernel launches and synchronization points) and may give inconsistent results between ranks due to different reduction orders. To optimize, flatten mesh dimensions ["dp_shard", "tp"] so DTensor can use a single operation instead.
[rank122]:W0630 16:40:44.536000 1300026 torch/distributed/tensor/_redistribute.py:347] While redistributing from (_NormPartial(2.0), _NormPartial(2.0)) to (Replicate(), Replicate()), 2 sequential all_reduce operations will be performed. This is suboptimal: multiple collective operations have higher latency (separate kernel launches and synchronization points) and may give inconsistent results between ranks due to different reduction orders. To optimize, flatten mesh dimensions ["dp_shard", "tp"] so DTensor can use a single operation instead.
[rank86]:W0630 16:40:44.536000 1273261 torch/distributed/tensor/_redistribute.py:347] While redistributing from (_NormPartial(2.0), _NormPartial(2.0)) to (Replicate(), Replicate()), 2 sequential all_reduce operations will be performed. This is suboptimal: multiple collective operations have higher latency (separate kernel launches and synchronization points) and may give inconsistent results between ranks due to different reduction orders. To optimize, flatten mesh dimensions ["dp_shard", "tp"] so DTensor can use a single operation instead.
[rank30]:W0630 16:40:44.536000 1240907 torch/distributed/tensor/_redistribute.py:347] While redistributing from (_NormPartial(2.0), _NormPartial(2.0)) to (Replicate(), Replicate()), 2 sequential all_reduce operations will be performed. This is suboptimal: multiple collective operations have higher latency (separate kernel launches and synchronization points) and may give inconsistent results between ranks due to different reduction orders. To optimize, flatten mesh dimensions ["dp_shard", "tp"] so DTensor can use a single operation instead.
[rank110]:W0630 16:40:44.536000 1251214 torch/distributed/tensor/_redistribute.py:347] While redistributing from (_NormPartial(2.0), _NormPartial(2.0)) to (Replicate(), Replicate()), 2 sequential all_reduce operations will be performed. This is suboptimal: multiple collective operations have higher latency (separate kernel launches and synchronization points) and may give inconsistent results between ranks due to different reduction orders. To optimize, flatten mesh dimensions ["dp_shard", "tp"] so DTensor can use a single operation instead.
[rank102]:W0630 16:40:44.536000 1261467 torch/distributed/tensor/_redistribute.py:347] While redistributing from (_NormPartial(2.0), _NormPartial(2.0)) to (Replicate(), Replicate()), 2 sequential all_reduce operations will be performed. This is suboptimal: multiple collective operations have higher latency (separate kernel launches and synchronization points) and may give inconsistent results between ranks due to different reduction orders. To optimize, flatten mesh dimensions ["dp_shard", "tp"] so DTensor can use a single operation instead.
[rank74]:W0630 16:40:44.536000 1235077 torch/distributed/tensor/_redistribute.py:347] While redistributing from (_NormPartial(2.0), _NormPartial(2.0)) to (Replicate(), Replicate()), 2 sequential all_reduce operations will be performed. This is suboptimal: multiple collective operations have higher latency (separate kernel launches and synchronization points) and may give inconsistent results between ranks due to different reduction orders. To optimize, flatten mesh dimensions ["dp_shard", "tp"] so DTensor can use a single operation instead.
[rank118]:W0630 16:40:44.536000 1311010 torch/distributed/tensor/_redistribute.py:347] While redistributing from (_NormPartial(2.0), _NormPartial(2.0)) to (Replicate(), Replicate()), 2 sequential all_reduce operations will be performed. This is suboptimal: multiple collective operations have higher latency (separate kernel launches and synchronization points) and may give inconsistent results between ranks due to different reduction orders. To optimize, flatten mesh dimensions ["dp_shard", "tp"] so DTensor can use a single operation instead.
[rank90]:W0630 16:40:44.536000 1313509 torch/distributed/tensor/_redistribute.py:347] While redistributing from (_NormPartial(2.0), _NormPartial(2.0)) to (Replicate(), Replicate()), 2 sequential all_reduce operations will be performed. This is suboptimal: multiple collective operations have higher latency (separate kernel launches and synchronization points) and may give inconsistent results between ranks due to different reduction orders. To optimize, flatten mesh dimensions ["dp_shard", "tp"] so DTensor can use a single operation instead.
[rank18]:W0630 16:40:44.536000 1313031 torch/distributed/tensor/_redistribute.py:347] While redistributing from (_NormPartial(2.0), _NormPartial(2.0)) to (Replicate(), Replicate()), 2 sequential all_reduce operations will be performed. This is suboptimal: multiple collective operations have higher latency (separate kernel launches and synchronization points) and may give inconsistent results between ranks due to different reduction orders. To optimize, flatten mesh dimensions ["dp_shard", "tp"] so DTensor can use a single operation instead.
[rank70]:W0630 16:40:44.536000 92776 torch/distributed/tensor/_redistribute.py:347] While redistributing from (_NormPartial(2.0), _NormPartial(2.0)) to (Replicate(), Replicate()), 2 sequential all_reduce operations will be performed. This is suboptimal: multiple collective operations have higher latency (separate kernel launches and synchronization points) and may give inconsistent results between ranks due to different reduction orders. To optimize, flatten mesh dimensions ["dp_shard", "tp"] so DTensor can use a single operation instead.
[rank10]:W0630 16:40:44.536000 1314426 torch/distributed/tensor/_redistribute.py:347] While redistributing from (_NormPartial(2.0), _NormPartial(2.0)) to (Replicate(), Replicate()), 2 sequential all_reduce operations will be performed. This is suboptimal: multiple collective operations have higher latency (separate kernel launches and synchronization points) and may give inconsistent results between ranks due to different reduction orders. To optimize, flatten mesh dimensions ["dp_shard", "tp"] so DTensor can use a single operation instead.
[rank6]:W0630 16:40:44.537000 1314036 torch/distributed/tensor/_redistribute.py:347] While redistributing from (_NormPartial(2.0), _NormPartial(2.0)) to (Replicate(), Replicate()), 2 sequential all_reduce operations will be performed. This is suboptimal: multiple collective operations have higher latency (separate kernel launches and synchronization points) and may give inconsistent results between ranks due to different reduction orders. To optimize, flatten mesh dimensions ["dp_shard", "tp"] so DTensor can use a single operation instead.
[rank38]:W0630 16:40:44.537000 1325302 torch/distributed/tensor/_redistribute.py:347] While redistributing from (_NormPartial(2.0), _NormPartial(2.0)) to (Replicate(), Replicate()), 2 sequential all_reduce operations will be performed. This is suboptimal: multiple collective operations have higher latency (separate kernel launches and synchronization points) and may give inconsistent results between ranks due to different reduction orders. To optimize, flatten mesh dimensions ["dp_shard", "tp"] so DTensor can use a single operation instead.
[rank14]:W0630 16:40:44.536000 1301086 torch/distributed/tensor/_redistribute.py:347] While redistributing from (_NormPartial(2.0), _NormPartial(2.0)) to (Replicate(), Replicate()), 2 sequential all_reduce operations will be performed. This is suboptimal: multiple collective operations have higher latency (separate kernel launches and synchronization points) and may give inconsistent results between ranks due to different reduction orders. To optimize, flatten mesh dimensions ["dp_shard", "tp"] so DTensor can use a single operation instead.
[rank22]:W0630 16:40:44.537000 1246868 torch/distributed/tensor/_redistribute.py:347] While redistributing from (_NormPartial(2.0), _NormPartial(2.0)) to (Replicate(), Replicate()), 2 sequential all_reduce operations will be performed. This is suboptimal: multiple collective operations have higher latency (separate kernel launches and synchronization points) and may give inconsistent results between ranks due to different reduction orders. To optimize, flatten mesh dimensions ["dp_shard", "tp"] so DTensor can use a single operation instead.
[rank58]:W0630 16:40:44.537000 1348804 torch/distributed/tensor/_redistribute.py:347] While redistributing from (_NormPartial(2.0), _NormPartial(2.0)) to (Replicate(), Replicate()), 2 sequential all_reduce operations will be performed. This is suboptimal: multiple collective operations have higher latency (separate kernel launches and synchronization points) and may give inconsistent results between ranks due to different reduction orders. To optimize, flatten mesh dimensions ["dp_shard", "tp"] so DTensor can use a single operation instead.
[rank54]:W0630 16:40:44.537000 1336289 torch/distributed/tensor/_redistribute.py:347] While redistributing from (_NormPartial(2.0), _NormPartial(2.0)) to (Replicate(), Replicate()), 2 sequential all_reduce operations will be performed. This is suboptimal: multiple collective operations have higher latency (separate kernel launches and synchronization points) and may give inconsistent results between ranks due to different reduction orders. To optimize, flatten mesh dimensions ["dp_shard", "tp"] so DTensor can use a single operation instead.
[rank26]:W0630 16:40:44.536000 1275304 torch/distributed/tensor/_redistribute.py:347] While redistributing from (_NormPartial(2.0), _NormPartial(2.0)) to (Replicate(), Replicate()), 2 sequential all_reduce operations will be performed. This is suboptimal: multiple collective operations have higher latency (separate kernel launches and synchronization points) and may give inconsistent results between ranks due to different reduction orders. To optimize, flatten mesh dimensions ["dp_shard", "tp"] so DTensor can use a single operation instead.
[rank62]:W0630 16:40:44.537000 1252613 torch/distributed/tensor/_redistribute.py:347] While redistributing from (_NormPartial(2.0), _NormPartial(2.0)) to (Replicate(), Replicate()), 2 sequential all_reduce operations will be performed. This is suboptimal: multiple collective operations have higher latency (separate kernel launches and synchronization points) and may give inconsistent results between ranks due to different reduction orders. To optimize, flatten mesh dimensions ["dp_shard", "tp"] so DTensor can use a single operation instead.
[rank46]:W0630 16:40:44.537000 1300742 torch/distributed/tensor/_redistribute.py:347] While redistributing from (_NormPartial(2.0), _NormPartial(2.0)) to (Replicate(), Replicate()), 2 sequential all_reduce operations will be performed. This is suboptimal: multiple collective operations have higher latency (separate kernel launches and synchronization points) and may give inconsistent results between ranks due to different reduction orders. To optimize, flatten mesh dimensions ["dp_shard", "tp"] so DTensor can use a single operation instead.
[rank50]:W0630 16:40:44.537000 1287871 torch/distributed/tensor/_redistribute.py:347] While redistributing from (_NormPartial(2.0), _NormPartial(2.0)) to (Replicate(), Replicate()), 2 sequential all_reduce operations will be performed. This is suboptimal: multiple collective operations have higher latency (separate kernel launches and synchronization points) and may give inconsistent results between ranks due to different reduction orders. To optimize, flatten mesh dimensions ["dp_shard", "tp"] so DTensor can use a single operation instead.
[rank34]:W0630 16:40:44.537000 1311410 torch/distributed/tensor/_redistribute.py:347] While redistributing from (_NormPartial(2.0), _NormPartial(2.0)) to (Replicate(), Replicate()), 2 sequential all_reduce operations will be performed. This is suboptimal: multiple collective operations have higher latency (separate kernel launches and synchronization points) and may give inconsistent results between ranks due to different reduction orders. To optimize, flatten mesh dimensions ["dp_shard", "tp"] so DTensor can use a single operation instead.
[rank42]:W0630 16:40:44.537000 1284425 torch/distributed/tensor/_redistribute.py:347] While redistributing from (_NormPartial(2.0), _NormPartial(2.0)) to (Replicate(), Replicate()), 2 sequential all_reduce operations will be performed. This is suboptimal: multiple collective operations have higher latency (separate kernel launches and synchronization points) and may give inconsistent results between ranks due to different reduction orders. To optimize, flatten mesh dimensions ["dp_shard", "tp"] so DTensor can use a single operation instead.
[rank2]:W0630 16:40:44.539000 1246149 torch/distributed/tensor/_redistribute.py:347] While redistributing from (_NormPartial(2.0), _NormPartial(2.0)) to (Replicate(), Replicate()), 2 sequential all_reduce operations will be performed. This is suboptimal: multiple collective operations have higher latency (separate kernel launches and synchronization points) and may give inconsistent results between ranks due to different reduction orders. To optimize, flatten mesh dimensions ["dp_shard", "tp"] so DTensor can use a single operation instead.
[rank 0] INFO     [step 1] loss=11.7500 | lr=6.00e-05 | grad_norm=0.023 | tok/s=31,395 | mfu=11.1% | mem=81.4/140GB | step_time=33.40s
[rank 0] INFO     [step 2] loss=11.7500 | lr=1.20e-04 | grad_norm=0.022 | tok/s=64,791 | mfu=23.0% | mem=83.6/140GB | step_time=16.18s
[rank 0] INFO     [step 3] loss=11.7500 | lr=1.80e-04 | grad_norm=0.022 | tok/s=63,824 | mfu=22.6% | mem=83.6/140GB | step_time=16.43s
[rank 0] INFO     [step 4] loss=11.7500 | lr=2.40e-04 | grad_norm=0.022 | tok/s=60,203 | mfu=21.4% | mem=83.6/140GB | step_time=17.42s
[rank 0] INFO     [step 5] loss=11.7500 | lr=3.00e-04 | grad_norm=0.024 | tok/s=60,179 | mfu=21.4% | mem=83.6/140GB | step_time=17.42s
[rank 0] INFO     [step 6] loss=11.7500 | lr=2.99e-04 | grad_norm=0.031 | tok/s=65,242 | mfu=23.2% | mem=83.6/140GB | step_time=16.07s
[rank 0] INFO     [step 7] loss=11.7500 | lr=2.96e-04 | grad_norm=0.123 | tok/s=69,535 | mfu=24.7% | mem=83.6/140GB | step_time=15.08s
[rank 0] INFO     [step 8] loss=11.7500 | lr=2.91e-04 | grad_norm=0.231 | tok/s=70,169 | mfu=24.9% | mem=83.6/140GB | step_time=14.94s
[rank 0] INFO     [step 9] loss=11.7500 | lr=2.83e-04 | grad_norm=0.250 | tok/s=70,043 | mfu=24.9% | mem=83.6/140GB | step_time=14.97s
[rank 0] INFO     [step 10] loss=11.7500 | lr=2.74e-04 | grad_norm=0.278 | tok/s=70,207 | mfu=24.9% | mem=83.6/140GB | step_time=14.94s
[rank 0] INFO     [step 11] loss=11.7500 | lr=2.63e-04 | grad_norm=0.305 | tok/s=70,043 | mfu=24.9% | mem=83.6/140GB | step_time=14.97s
[rank 0] INFO     [step 12] loss=11.7500 | lr=2.51e-04 | grad_norm=0.328 | tok/s=70,257 | mfu=24.9% | mem=83.6/140GB | step_time=14.92s
[rank 0] INFO     [step 13] loss=11.6875 | lr=2.37e-04 | grad_norm=0.354 | tok/s=69,664 | mfu=24.7% | mem=83.6/140GB | step_time=15.05s
[rank 0] INFO     [step 14] loss=11.6875 | lr=2.22e-04 | grad_norm=0.375 | tok/s=70,165 | mfu=24.9% | mem=83.6/140GB | step_time=14.94s
[rank 0] INFO     [step 15] loss=11.6875 | lr=2.07e-04 | grad_norm=0.395 | tok/s=70,185 | mfu=24.9% | mem=83.6/140GB | step_time=14.94s
[rank 0] INFO     [step 16] loss=11.6875 | lr=1.90e-04 | grad_norm=0.412 | tok/s=70,157 | mfu=24.9% | mem=83.6/140GB | step_time=14.95s
[rank 0] INFO     [step 17] loss=11.6875 | lr=1.73e-04 | grad_norm=0.422 | tok/s=70,071 | mfu=24.9% | mem=83.6/140GB | step_time=14.96s
[rank 0] INFO     [step 18] loss=11.6875 | lr=1.57e-04 | grad_norm=0.442 | tok/s=59,718 | mfu=21.2% | mem=83.6/140GB | step_time=17.56s
[rank 0] INFO     [step 19] loss=11.6406 | lr=1.40e-04 | grad_norm=0.453 | tok/s=64,967 | mfu=23.1% | mem=83.6/140GB | step_time=16.14s
[rank 0] INFO     [step 20] loss=11.6562 | lr=1.23e-04 | grad_norm=0.457 | tok/s=60,869 | mfu=21.6% | mem=83.6/140GB | step_time=17.23s
[rank 0] INFO     [step 21] loss=11.6250 | lr=1.08e-04 | grad_norm=0.528 | tok/s=63,920 | mfu=22.7% | mem=83.6/140GB | step_time=16.40s
[rank 0] INFO     [step 22] loss=11.6250 | lr=9.27e-05 | grad_norm=0.486 | tok/s=63,198 | mfu=22.4% | mem=83.6/140GB | step_time=16.59s
[rank 0] INFO     [step 23] loss=11.6250 | lr=7.89e-05 | grad_norm=0.494 | tok/s=66,318 | mfu=23.5% | mem=83.6/140GB | step_time=15.81s
[rank 0] INFO     [step 24] loss=11.6250 | lr=6.66e-05 | grad_norm=0.505 | tok/s=69,174 | mfu=24.5% | mem=83.6/140GB | step_time=15.16s
[rank 0] INFO     [step 25] loss=11.6250 | lr=5.58e-05 | grad_norm=0.511 | tok/s=70,031 | mfu=24.9% | mem=83.6/140GB | step_time=14.97s
[rank 0] INFO     [step 26] loss=11.6250 | lr=4.67e-05 | grad_norm=0.518 | tok/s=69,985 | mfu=24.8% | mem=83.6/140GB | step_time=14.98s
[rank 0] INFO     [step 27] loss=11.6094 | lr=3.95e-05 | grad_norm=0.522 | tok/s=70,201 | mfu=24.9% | mem=83.6/140GB | step_time=14.94s
[rank 0] INFO     [step 28] loss=11.6094 | lr=3.42e-05 | grad_norm=0.526 | tok/s=70,226 | mfu=24.9% | mem=83.6/140GB | step_time=14.93s
[rank 0] INFO     [step 29] loss=11.5781 | lr=3.11e-05 | grad_norm=0.526 | tok/s=70,376 | mfu=25.0% | mem=83.6/140GB | step_time=14.90s
[rank 0] INFO     [step 30] loss=11.5938 | lr=3.00e-05 | grad_norm=0.530 | tok/s=70,028 | mfu=24.9% | mem=83.6/140GB | step_time=14.97s
[rank 0] INFO     Training complete: 30 steps, 31,457,280 tokens
